-- phpMyAdmin SQL Dump
-- version 4.6.6deb5
-- https://www.phpmyadmin.net/
--
-- Host: localhost:3306
-- Generation Time: May 16, 2019 at 12:33 PM
-- Server version: 5.7.26-0ubuntu0.18.04.1
-- PHP Version: 7.2.17-0ubuntu0.18.04.1

SET SQL_MODE = "NO_AUTO_VALUE_ON_ZERO";
SET time_zone = "+00:00";


/*!40101 SET @OLD_CHARACTER_SET_CLIENT=@@CHARACTER_SET_CLIENT */;
/*!40101 SET @OLD_CHARACTER_SET_RESULTS=@@CHARACTER_SET_RESULTS */;
/*!40101 SET @OLD_COLLATION_CONNECTION=@@COLLATION_CONNECTION */;
/*!40101 SET NAMES utf8mb4 */;

--
-- Database: `myschool_reportcard`
--

-- --------------------------------------------------------

--
-- Table structure for table `admin`
--

CREATE TABLE `admin` (
  `id` int(11) NOT NULL,
  `branch_id` int(11) NOT NULL,
  `name` text NOT NULL,
  `email` text NOT NULL,
  `phone` bigint(10) NOT NULL
) ENGINE=InnoDB DEFAULT CHARSET=latin1;

--
-- Dumping data for table `admin`
--

INSERT INTO `admin` (`id`, `branch_id`, `name`, `email`, `phone`) VALUES
(1, 1, '', 'hitesh.kumar@hachiweb.com', 0),
(2, 2, '', 'hitesh.kumar2@hachiweb.com', 0),
(3, 2, '', 'hitesh.kumar2@hachiweb.com', 0),
(4, 2, '', 'hitesh.kumar2@hachiweb.com', 0),
(5, 1, 'Hitesh', 'hitesh.kumar@hachiweb.com', 0),
(6, 6, 'Vipin', 'anil.kumar@hachiweb.com', 0);

-- --------------------------------------------------------

--
-- Table structure for table `affiliation`
--

CREATE TABLE `affiliation` (
  `id` int(11) NOT NULL,
  `affiliation_code` varchar(50) NOT NULL,
  `affiliation_body` text NOT NULL
) ENGINE=MyISAM DEFAULT CHARSET=latin1;

--
-- Dumping data for table `affiliation`
--

INSERT INTO `affiliation` (`id`, `affiliation_code`, `affiliation_body`) VALUES
(1, 'SRSEC101', 'Central Board of Secondary Education (CBSE)'),
(2, 'SRSEC102', 'ICSE'),
(3, 'SRSEC103', 'Delhi University');

-- --------------------------------------------------------

--
-- Table structure for table `branch`
--

CREATE TABLE `branch` (
  `id` int(11) NOT NULL,
  `branch_code` varchar(50) NOT NULL,
  `branch_address` text NOT NULL,
  `branch_city` text NOT NULL,
  `branch_state` text NOT NULL,
  `branch_pincode` int(8) NOT NULL,
  `status` varchar(10) NOT NULL,
  `school_id` int(11) NOT NULL,
  `principal_id` int(11) DEFAULT NULL
) ENGINE=MyISAM DEFAULT CHARSET=latin1;

--
-- Dumping data for table `branch`
--

INSERT INTO `branch` (`id`, `branch_code`, `branch_address`, `branch_city`, `branch_state`, `branch_pincode`, `status`, `school_id`, `principal_id`) VALUES
(1, 'BNCH01', 'Test Address 1', 'Mohali', 'PB', 224845, 'Active', 7, 4),
(2, 'BNCH02', 'Test Address No 2', 'Chandigarh', 'PB', 224845, 'Active', 1, 4),
(3, 'BNCH03', 'Test Address No 3', 'Dehradun', 'UK', 224845, 'Active', 4, 4),
(4, 'SCH01', 'Test Address No 4', 'Hyderabaad', 'AP', 12132, 'Active', 1, 121),
(5, 'SCH02', 'Test Address No 5', 'Bangalore', 'KA', 248008, 'Active', 4, 4),
(6, 'MPS', 'Himayatnagar', 'HYDERABD', 'Telangana', 500001, 'Active', 8, NULL);

-- --------------------------------------------------------

--
-- Table structure for table `category`
--

CREATE TABLE `category` (
  `id` int(11) NOT NULL,
  `name` text NOT NULL,
  `branch_id` int(11) DEFAULT NULL
) ENGINE=MyISAM DEFAULT CHARSET=latin1;

--
-- Dumping data for table `category`
--

INSERT INTO `category` (`id`, `name`, `branch_id`) VALUES
(15, '', NULL);

-- --------------------------------------------------------

--
-- Table structure for table `cities`
--

CREATE TABLE `cities` (
  `city_id` int(11) NOT NULL,
  `city_name` varchar(100) NOT NULL,
  `city_state` varchar(100) NOT NULL
) ENGINE=MyISAM DEFAULT CHARSET=utf8;

--
-- Dumping data for table `cities`
--

INSERT INTO `cities` (`city_id`, `city_name`, `city_state`) VALUES
(1, 'Kolhapur', 'Maharashtra'),
(2, 'Port Blair', 'Andaman & Nicobar Islands'),
(3, 'Adilabad', 'Andhra Pradesh'),
(4, 'Adoni', 'Andhra Pradesh'),
(5, 'Amadalavalasa', 'Andhra Pradesh'),
(6, 'Amalapuram', 'Andhra Pradesh'),
(7, 'Anakapalle', 'Andhra Pradesh'),
(8, 'Anantapur', 'Andhra Pradesh'),
(9, 'Badepalle', 'Andhra Pradesh'),
(10, 'Banganapalle', 'Andhra Pradesh'),
(11, 'Bapatla', 'Andhra Pradesh'),
(12, 'Bellampalle', 'Andhra Pradesh'),
(13, 'Bethamcherla', 'Andhra Pradesh'),
(14, 'Bhadrachalam', 'Andhra Pradesh'),
(15, 'Bhainsa', 'Andhra Pradesh'),
(16, 'Bheemunipatnam', 'Andhra Pradesh'),
(17, 'Bhimavaram', 'Andhra Pradesh'),
(18, 'Bhongir', 'Andhra Pradesh'),
(19, 'Bobbili', 'Andhra Pradesh'),
(20, 'Bodhan', 'Andhra Pradesh'),
(21, 'Chilakaluripet', 'Andhra Pradesh'),
(22, 'Chirala', 'Andhra Pradesh'),
(23, 'Chittoor', 'Andhra Pradesh'),
(24, 'Cuddapah', 'Andhra Pradesh'),
(25, 'Devarakonda', 'Andhra Pradesh'),
(26, 'Dharmavaram', 'Andhra Pradesh'),
(27, 'Eluru', 'Andhra Pradesh'),
(28, 'Farooqnagar', 'Andhra Pradesh'),
(29, 'Gadwal', 'Andhra Pradesh'),
(30, 'Gooty', 'Andhra Pradesh'),
(31, 'Gudivada', 'Andhra Pradesh'),
(32, 'Gudur', 'Andhra Pradesh'),
(33, 'Guntakal', 'Andhra Pradesh'),
(34, 'Guntur', 'Andhra Pradesh'),
(35, 'Hanuman Junction', 'Andhra Pradesh'),
(36, 'Hindupur', 'Andhra Pradesh'),
(37, 'Hyderabad', 'Andhra Pradesh'),
(38, 'Ichchapuram', 'Andhra Pradesh'),
(39, 'Jaggaiahpet', 'Andhra Pradesh'),
(40, 'Jagtial', 'Andhra Pradesh'),
(41, 'Jammalamadugu', 'Andhra Pradesh'),
(42, 'Jangaon', 'Andhra Pradesh'),
(43, 'Kadapa', 'Andhra Pradesh'),
(44, 'Kadiri', 'Andhra Pradesh'),
(45, 'Kagaznagar', 'Andhra Pradesh'),
(46, 'Kakinada', 'Andhra Pradesh'),
(47, 'Kalyandurg', 'Andhra Pradesh'),
(48, 'Kamareddy', 'Andhra Pradesh'),
(49, 'Kandukur', 'Andhra Pradesh'),
(50, 'Karimnagar', 'Andhra Pradesh'),
(51, 'Kavali', 'Andhra Pradesh'),
(52, 'Khammam', 'Andhra Pradesh'),
(53, 'Koratla', 'Andhra Pradesh'),
(54, 'Kothagudem', 'Andhra Pradesh'),
(55, 'Kothapeta', 'Andhra Pradesh'),
(56, 'Kovvur', 'Andhra Pradesh'),
(57, 'Kurnool', 'Andhra Pradesh'),
(58, 'Kyathampalle', 'Andhra Pradesh'),
(59, 'Macherla', 'Andhra Pradesh'),
(60, 'Machilipatnam', 'Andhra Pradesh'),
(61, 'Madanapalle', 'Andhra Pradesh'),
(62, 'Mahbubnagar', 'Andhra Pradesh'),
(63, 'Mancherial', 'Andhra Pradesh'),
(64, 'Mandamarri', 'Andhra Pradesh'),
(65, 'Mandapeta', 'Andhra Pradesh'),
(66, 'Manuguru', 'Andhra Pradesh'),
(67, 'Markapur', 'Andhra Pradesh'),
(68, 'Medak', 'Andhra Pradesh'),
(69, 'Miryalaguda', 'Andhra Pradesh'),
(70, 'Mogalthur', 'Andhra Pradesh'),
(71, 'Nagari', 'Andhra Pradesh'),
(72, 'Nagarkurnool', 'Andhra Pradesh'),
(73, 'Nandyal', 'Andhra Pradesh'),
(74, 'Narasapur', 'Andhra Pradesh'),
(75, 'Narasaraopet', 'Andhra Pradesh'),
(76, 'Narayanpet', 'Andhra Pradesh'),
(77, 'Narsipatnam', 'Andhra Pradesh'),
(78, 'Nellore', 'Andhra Pradesh'),
(79, 'Nidadavole', 'Andhra Pradesh'),
(80, 'Nirmal', 'Andhra Pradesh'),
(81, 'Nizamabad', 'Andhra Pradesh'),
(82, 'Nuzvid', 'Andhra Pradesh'),
(83, 'Ongole', 'Andhra Pradesh'),
(84, 'Palacole', 'Andhra Pradesh'),
(85, 'Palasa Kasibugga', 'Andhra Pradesh'),
(86, 'Palwancha', 'Andhra Pradesh'),
(87, 'Parvathipuram', 'Andhra Pradesh'),
(88, 'Pedana', 'Andhra Pradesh'),
(89, 'Peddapuram', 'Andhra Pradesh'),
(90, 'Pithapuram', 'Andhra Pradesh'),
(91, 'Pondur', 'Andhra pradesh'),
(92, 'Ponnur', 'Andhra Pradesh'),
(93, 'Proddatur', 'Andhra Pradesh'),
(94, 'Punganur', 'Andhra Pradesh'),
(95, 'Puttur', 'Andhra Pradesh'),
(96, 'Rajahmundry', 'Andhra Pradesh'),
(97, 'Rajam', 'Andhra Pradesh'),
(98, 'Ramachandrapuram', 'Andhra Pradesh'),
(99, 'Ramagundam', 'Andhra Pradesh'),
(100, 'Rayachoti', 'Andhra Pradesh'),
(101, 'Rayadurg', 'Andhra Pradesh'),
(102, 'Renigunta', 'Andhra Pradesh'),
(103, 'Repalle', 'Andhra Pradesh'),
(104, 'Sadasivpet', 'Andhra Pradesh'),
(105, 'Salur', 'Andhra Pradesh'),
(106, 'Samalkot', 'Andhra Pradesh'),
(107, 'Sangareddy', 'Andhra Pradesh'),
(108, 'Sattenapalle', 'Andhra Pradesh'),
(109, 'Siddipet', 'Andhra Pradesh'),
(110, 'Singapur', 'Andhra Pradesh'),
(111, 'Sircilla', 'Andhra Pradesh'),
(112, 'Srikakulam', 'Andhra Pradesh'),
(113, 'Srikalahasti', 'Andhra Pradesh'),
(115, 'Suryapet', 'Andhra Pradesh'),
(116, 'Tadepalligudem', 'Andhra Pradesh'),
(117, 'Tadpatri', 'Andhra Pradesh'),
(118, 'Tandur', 'Andhra Pradesh'),
(119, 'Tanuku', 'Andhra Pradesh'),
(120, 'Tenali', 'Andhra Pradesh'),
(121, 'Tirupati', 'Andhra Pradesh'),
(122, 'Tuni', 'Andhra Pradesh'),
(123, 'Uravakonda', 'Andhra Pradesh'),
(124, 'Venkatagiri', 'Andhra Pradesh'),
(125, 'Vicarabad', 'Andhra Pradesh'),
(126, 'Vijayawada', 'Andhra Pradesh'),
(127, 'Vinukonda', 'Andhra Pradesh'),
(128, 'Visakhapatnam', 'Andhra Pradesh'),
(129, 'Vizianagaram', 'Andhra Pradesh'),
(130, 'Wanaparthy', 'Andhra Pradesh'),
(131, 'Warangal', 'Andhra Pradesh'),
(132, 'Yellandu', 'Andhra Pradesh'),
(133, 'Yemmiganur', 'Andhra Pradesh'),
(134, 'Yerraguntla', 'Andhra Pradesh'),
(135, 'Zahirabad', 'Andhra Pradesh'),
(136, 'Rajampet', 'Andhra Pradesh'),
(137, 'Along', 'Arunachal Pradesh'),
(138, 'Bomdila', 'Arunachal Pradesh'),
(139, 'Itanagar', 'Arunachal Pradesh'),
(140, 'Naharlagun', 'Arunachal Pradesh'),
(141, 'Pasighat', 'Arunachal Pradesh'),
(142, 'Abhayapuri', 'Assam'),
(143, 'Amguri', 'Assam'),
(144, 'Anandnagaar', 'Assam'),
(145, 'Barpeta', 'Assam'),
(146, 'Barpeta Road', 'Assam'),
(147, 'Bilasipara', 'Assam'),
(148, 'Bongaigaon', 'Assam'),
(149, 'Dhekiajuli', 'Assam'),
(150, 'Dhubri', 'Assam'),
(151, 'Dibrugarh', 'Assam'),
(152, 'Digboi', 'Assam'),
(153, 'Diphu', 'Assam'),
(154, 'Dispur', 'Assam'),
(156, 'Gauripur', 'Assam'),
(157, 'Goalpara', 'Assam'),
(158, 'Golaghat', 'Assam'),
(159, 'Guwahati', 'Assam'),
(160, 'Haflong', 'Assam'),
(161, 'Hailakandi', 'Assam'),
(162, 'Hojai', 'Assam'),
(163, 'Jorhat', 'Assam'),
(164, 'Karimganj', 'Assam'),
(165, 'Kokrajhar', 'Assam'),
(166, 'Lanka', 'Assam'),
(167, 'Lumding', 'Assam'),
(168, 'Mangaldoi', 'Assam'),
(169, 'Mankachar', 'Assam'),
(170, 'Margherita', 'Assam'),
(171, 'Mariani', 'Assam'),
(172, 'Marigaon', 'Assam'),
(173, 'Nagaon', 'Assam'),
(174, 'Nalbari', 'Assam'),
(175, 'North Lakhimpur', 'Assam'),
(176, 'Rangia', 'Assam'),
(177, 'Sibsagar', 'Assam'),
(178, 'Silapathar', 'Assam'),
(179, 'Silchar', 'Assam'),
(180, 'Tezpur', 'Assam'),
(181, 'Tinsukia', 'Assam'),
(182, 'Amarpur', 'Bihar'),
(183, 'Araria', 'Bihar'),
(184, 'Areraj', 'Bihar'),
(185, 'Arrah', 'Bihar'),
(186, 'Asarganj', 'Bihar'),
(187, 'Aurangabad', 'Bihar'),
(188, 'Bagaha', 'Bihar'),
(189, 'Bahadurganj', 'Bihar'),
(190, 'Bairgania', 'Bihar'),
(191, 'Bakhtiarpur', 'Bihar'),
(192, 'Banka', 'Bihar'),
(193, 'Banmankhi Bazar', 'Bihar'),
(194, 'Barahiya', 'Bihar'),
(195, 'Barauli', 'Bihar'),
(196, 'Barbigha', 'Bihar'),
(197, 'Barh', 'Bihar'),
(198, 'Begusarai', 'Bihar'),
(199, 'Behea', 'Bihar'),
(200, 'Bettiah', 'Bihar'),
(201, 'Bhabua', 'Bihar'),
(202, 'Bhagalpur', 'Bihar'),
(203, 'Bihar Sharif', 'Bihar'),
(204, 'Bikramganj', 'Bihar'),
(205, 'Bodh Gaya', 'Bihar'),
(206, 'Buxar', 'Bihar'),
(207, 'Chandan Bara', 'Bihar'),
(208, 'Chanpatia', 'Bihar'),
(209, 'Chhapra', 'Bihar'),
(210, 'Colgong', 'Bihar'),
(211, 'Dalsinghsarai', 'Bihar'),
(212, 'Darbhanga', 'Bihar'),
(213, 'Daudnagar', 'Bihar'),
(214, 'Dehri-on-Sone', 'Bihar'),
(215, 'Dhaka', 'Bihar'),
(216, 'Dighwara', 'Bihar'),
(217, 'Dumraon', 'Bihar'),
(218, 'Fatwah', 'Bihar'),
(219, 'Forbesganj', 'Bihar'),
(220, 'Gaya', 'Bihar'),
(221, 'Gogri Jamalpur', 'Bihar'),
(222, 'Gopalganj', 'Bihar'),
(223, 'Hajipur', 'Bihar'),
(224, 'Hilsa', 'Bihar'),
(225, 'Hisua', 'Bihar'),
(226, 'Islampur', 'Bihar'),
(227, 'Jagdispur', 'Bihar'),
(228, 'Jamalpur', 'Bihar'),
(229, 'Jamui', 'Bihar'),
(230, 'Jehanabad', 'Bihar'),
(231, 'Jhajha', 'Bihar'),
(232, 'Jhanjharpur', 'Bihar'),
(233, 'Jogabani', 'Bihar'),
(234, 'Kanti', 'Bihar'),
(235, 'Katihar', 'Bihar'),
(236, 'Khagaria', 'Bihar'),
(237, 'Kharagpur', 'Bihar'),
(238, 'Kishanganj', 'Bihar'),
(239, 'Lakhisarai', 'Bihar'),
(240, 'Lalganj', 'Bihar'),
(241, 'Madhepura', 'Bihar'),
(242, 'Madhubani', 'Bihar'),
(243, 'Maharajganj', 'Bihar'),
(244, 'Mahnar Bazar', 'Bihar'),
(245, 'Makhdumpur', 'Bihar'),
(246, 'Maner', 'Bihar'),
(247, 'Manihari', 'Bihar'),
(248, 'Marhaura', 'Bihar'),
(249, 'Masaurhi', 'Bihar'),
(250, 'Mirganj', 'Bihar'),
(251, 'Mokameh', 'Bihar'),
(252, 'Motihari', 'Bihar'),
(253, 'Motipur', 'Bihar'),
(254, 'Munger', 'Bihar'),
(255, 'Murliganj', 'Bihar'),
(256, 'Muzaffarpur', 'Bihar'),
(257, 'Narkatiaganj', 'Bihar'),
(258, 'Naugachhia', 'Bihar'),
(259, 'Nawada', 'Bihar'),
(260, 'Nokha', 'Bihar'),
(261, 'Patna', 'Bihar'),
(262, 'Piro', 'Bihar'),
(263, 'Purnia', 'Bihar'),
(264, 'Rafiganj', 'Bihar'),
(265, 'Rajgir', 'Bihar'),
(266, 'Ramnagar', 'Bihar'),
(267, 'Raxaul Bazar', 'Bihar'),
(268, 'Revelganj', 'Bihar'),
(269, 'Rosera', 'Bihar'),
(270, 'Saharsa', 'Bihar'),
(271, 'Samastipur', 'Bihar'),
(272, 'Sasaram', 'Bihar'),
(273, 'Sheikhpura', 'Bihar'),
(274, 'Sheohar', 'Bihar'),
(275, 'Sherghati', 'Bihar'),
(276, 'Silao', 'Bihar'),
(277, 'Sitamarhi', 'Bihar'),
(278, 'Siwan', 'Bihar'),
(279, 'Sonepur', 'Bihar'),
(280, 'Sugauli', 'Bihar'),
(281, 'Sultanganj', 'Bihar'),
(282, 'Supaul', 'Bihar'),
(283, 'Warisaliganj', 'Bihar'),
(284, 'Ahiwara', 'Chhattisgarh'),
(285, 'Akaltara', 'Chhattisgarh'),
(286, 'Ambagarh Chowki', 'Chhattisgarh'),
(287, 'Ambikapur', 'Chhattisgarh'),
(288, 'Arang', 'Chhattisgarh'),
(289, 'Bade Bacheli', 'Chhattisgarh'),
(290, 'Balod', 'Chhattisgarh'),
(291, 'Baloda Bazar', 'Chhattisgarh'),
(292, 'Bemetra', 'Chhattisgarh'),
(293, 'Bhatapara', 'Chhattisgarh'),
(294, 'Bilaspur', 'Chhattisgarh'),
(295, 'Birgaon', 'Chhattisgarh'),
(296, 'Champa', 'Chhattisgarh'),
(297, 'Chirmiri', 'Chhattisgarh'),
(298, 'Dalli-Rajhara', 'Chhattisgarh'),
(299, 'Dhamtari', 'Chhattisgarh'),
(300, 'Dipka', 'Chhattisgarh'),
(301, 'Dongargarh', 'Chhattisgarh'),
(302, 'Durg-Bhilai Nagar', 'Chhattisgarh'),
(303, 'Gobranawapara', 'Chhattisgarh'),
(304, 'Jagdalpur', 'Chhattisgarh'),
(305, 'Janjgir', 'Chhattisgarh'),
(306, 'Jashpurnagar', 'Chhattisgarh'),
(307, 'Kanker', 'Chhattisgarh'),
(308, 'Kawardha', 'Chhattisgarh'),
(309, 'Kondagaon', 'Chhattisgarh'),
(310, 'Korba', 'Chhattisgarh'),
(311, 'Mahasamund', 'Chhattisgarh'),
(312, 'Mahendragarh', 'Chhattisgarh'),
(313, 'Mungeli', 'Chhattisgarh'),
(314, 'Naila Janjgir', 'Chhattisgarh'),
(315, 'Raigarh', 'Chhattisgarh'),
(316, 'Raipur', 'Chhattisgarh'),
(317, 'Rajnandgaon', 'Chhattisgarh'),
(318, 'Sakti', 'Chhattisgarh'),
(319, 'Tilda Newra', 'Chhattisgarh'),
(320, 'Amli', 'Dadra & Nagar Haveli'),
(321, 'Silvassa', 'Dadra & Nagar Haveli'),
(322, 'Daman and Diu', 'Daman & Diu'),
(323, 'Daman and Diu', 'Daman & Diu'),
(324, 'Asola', 'Delhi'),
(325, 'Delhi', 'Delhi'),
(326, 'Aldona', 'Goa'),
(327, 'Curchorem Cacora', 'Goa'),
(328, 'Madgaon', 'Goa'),
(329, 'Mapusa', 'Goa'),
(330, 'Margao', 'Goa'),
(331, 'Marmagao', 'Goa'),
(332, 'Panaji', 'Goa'),
(333, 'Ahmedabad', 'Gujarat'),
(334, 'Amreli', 'Gujarat'),
(335, 'Anand', 'Gujarat'),
(336, 'Ankleshwar', 'Gujarat'),
(337, 'Bharuch', 'Gujarat'),
(338, 'Bhavnagar', 'Gujarat'),
(339, 'Bhuj', 'Gujarat'),
(340, 'Cambay', 'Gujarat'),
(341, 'Dahod', 'Gujarat'),
(342, 'Deesa', 'Gujarat'),
(343, 'Dharampur', ' India'),
(344, 'Dholka', 'Gujarat'),
(345, 'Gandhinagar', 'Gujarat'),
(346, 'Godhra', 'Gujarat'),
(347, 'Himatnagar', 'Gujarat'),
(348, 'Idar', 'Gujarat'),
(349, 'Jamnagar', 'Gujarat'),
(350, 'Junagadh', 'Gujarat'),
(351, 'Kadi', 'Gujarat'),
(352, 'Kalavad', 'Gujarat'),
(353, 'Kalol', 'Gujarat'),
(354, 'Kapadvanj', 'Gujarat'),
(355, 'Karjan', 'Gujarat'),
(356, 'Keshod', 'Gujarat'),
(357, 'Khambhalia', 'Gujarat'),
(358, 'Khambhat', 'Gujarat'),
(359, 'Kheda', 'Gujarat'),
(360, 'Khedbrahma', 'Gujarat'),
(361, 'Kheralu', 'Gujarat'),
(362, 'Kodinar', 'Gujarat'),
(363, 'Lathi', 'Gujarat'),
(364, 'Limbdi', 'Gujarat'),
(365, 'Lunawada', 'Gujarat'),
(366, 'Mahesana', 'Gujarat'),
(367, 'Mahuva', 'Gujarat'),
(368, 'Manavadar', 'Gujarat'),
(369, 'Mandvi', 'Gujarat'),
(370, 'Mangrol', 'Gujarat'),
(371, 'Mansa', 'Gujarat'),
(372, 'Mehmedabad', 'Gujarat'),
(373, 'Modasa', 'Gujarat'),
(374, 'Morvi', 'Gujarat'),
(375, 'Nadiad', 'Gujarat'),
(376, 'Navsari', 'Gujarat'),
(377, 'Padra', 'Gujarat'),
(378, 'Palanpur', 'Gujarat'),
(379, 'Palitana', 'Gujarat'),
(380, 'Pardi', 'Gujarat'),
(381, 'Patan', 'Gujarat'),
(382, 'Petlad', 'Gujarat'),
(383, 'Porbandar', 'Gujarat'),
(384, 'Radhanpur', 'Gujarat'),
(385, 'Rajkot', 'Gujarat'),
(386, 'Rajpipla', 'Gujarat'),
(387, 'Rajula', 'Gujarat'),
(388, 'Ranavav', 'Gujarat'),
(389, 'Rapar', 'Gujarat'),
(390, 'Salaya', 'Gujarat'),
(391, 'Sanand', 'Gujarat'),
(392, 'Savarkundla', 'Gujarat'),
(393, 'Sidhpur', 'Gujarat'),
(394, 'Sihor', 'Gujarat'),
(395, 'Songadh', 'Gujarat'),
(396, 'Surat', 'Gujarat'),
(397, 'Talaja', 'Gujarat'),
(398, 'Thangadh', 'Gujarat'),
(399, 'Tharad', 'Gujarat'),
(400, 'Umbergaon', 'Gujarat'),
(401, 'Umreth', 'Gujarat'),
(402, 'Una', 'Gujarat'),
(403, 'Unjha', 'Gujarat'),
(404, 'Upleta', 'Gujarat'),
(405, 'Vadnagar', 'Gujarat'),
(406, 'Vadodara', 'Gujarat'),
(407, 'Valsad', 'Gujarat'),
(408, 'Vapi', 'Gujarat'),
(409, 'Vapi', 'Gujarat'),
(410, 'Veraval', 'Gujarat'),
(411, 'Vijapur', 'Gujarat'),
(412, 'Viramgam', 'Gujarat'),
(413, 'Visnagar', 'Gujarat'),
(414, 'Vyara', 'Gujarat'),
(415, 'Wadhwan', 'Gujarat'),
(416, 'Wankaner', 'Gujarat'),
(417, 'Adalaj', 'Gujrat'),
(418, 'Adityana', 'Gujrat'),
(419, 'Alang', 'Gujrat'),
(420, 'Ambaji', 'Gujrat'),
(421, 'Ambaliyasan', 'Gujrat'),
(422, 'Andada', 'Gujrat'),
(423, 'Anjar', 'Gujrat'),
(424, 'Anklav', 'Gujrat'),
(425, 'Antaliya', 'Gujrat'),
(426, 'Arambhada', 'Gujrat'),
(427, 'Atul', 'Gujrat'),
(428, 'Ballabhgarh', 'Hariyana'),
(429, 'Ambala', 'Haryana'),
(430, 'Ambala', 'Haryana'),
(431, 'Asankhurd', 'Haryana'),
(432, 'Assandh', 'Haryana'),
(433, 'Ateli', 'Haryana'),
(434, 'Babiyal', 'Haryana'),
(435, 'Bahadurgarh', 'Haryana'),
(436, 'Barwala', 'Haryana'),
(437, 'Bhiwani', 'Haryana'),
(438, 'Charkhi Dadri', 'Haryana'),
(439, 'Cheeka', 'Haryana'),
(440, 'Ellenabad 2', 'Haryana'),
(441, 'Faridabad', 'Haryana'),
(442, 'Fatehabad', 'Haryana'),
(443, 'Ganaur', 'Haryana'),
(444, 'Gharaunda', 'Haryana'),
(445, 'Gohana', 'Haryana'),
(446, 'Gurgaon', 'Haryana'),
(447, 'Haibat(Yamuna Nagar)', 'Haryana'),
(448, 'Hansi', 'Haryana'),
(449, 'Hisar', 'Haryana'),
(450, 'Hodal', 'Haryana'),
(451, 'Jhajjar', 'Haryana'),
(452, 'Jind', 'Haryana'),
(453, 'Kaithal', 'Haryana'),
(454, 'Kalan Wali', 'Haryana'),
(455, 'Kalka', 'Haryana'),
(456, 'Karnal', 'Haryana'),
(457, 'Ladwa', 'Haryana'),
(458, 'Mahendragarh', 'Haryana'),
(459, 'Mandi Dabwali', 'Haryana'),
(460, 'Narnaul', 'Haryana'),
(461, 'Narwana', 'Haryana'),
(462, 'Palwal', 'Haryana'),
(463, 'Panchkula', 'Haryana'),
(464, 'Panipat', 'Haryana'),
(465, 'Pehowa', 'Haryana'),
(466, 'Pinjore', 'Haryana'),
(467, 'Rania', 'Haryana'),
(468, 'Ratia', 'Haryana'),
(469, 'Rewari', 'Haryana'),
(470, 'Rohtak', 'Haryana'),
(471, 'Safidon', 'Haryana'),
(472, 'Samalkha', 'Haryana'),
(473, 'Shahbad', 'Haryana'),
(474, 'Sirsa', 'Haryana'),
(475, 'Sohna', 'Haryana'),
(476, 'Sonipat', 'Haryana'),
(477, 'Taraori', 'Haryana'),
(478, 'Thanesar', 'Haryana'),
(479, 'Tohana', 'Haryana'),
(480, 'Yamunanagar', 'Haryana'),
(481, 'Arki', 'Himachal Pradesh'),
(482, 'Baddi', 'Himachal Pradesh'),
(483, 'Bilaspur', 'Himachal Pradesh'),
(484, 'Chamba', 'Himachal Pradesh'),
(485, 'Dalhousie', 'Himachal Pradesh'),
(486, 'Dharamsala', 'Himachal Pradesh'),
(487, 'Hamirpur', 'Himachal Pradesh'),
(488, 'Mandi', 'Himachal Pradesh'),
(489, 'Nahan', 'Himachal Pradesh'),
(490, 'Shimla', 'Himachal Pradesh'),
(491, 'Solan', 'Himachal Pradesh'),
(492, 'Sundarnagar', 'Himachal Pradesh'),
(493, 'Jammu', 'Jammu & Kashmir'),
(494, 'Achabbal', 'Jammu & Kashmir'),
(495, 'Akhnoor', 'Jammu & Kashmir'),
(496, 'Anantnag', 'Jammu & Kashmir'),
(497, 'Arnia', 'Jammu & Kashmir'),
(498, 'Awantipora', 'Jammu & Kashmir'),
(499, 'Bandipore', 'Jammu & Kashmir'),
(500, 'Baramula', 'Jammu & Kashmir'),
(501, 'Kathua', 'Jammu & Kashmir'),
(502, 'Leh', 'Jammu & Kashmir'),
(503, 'Punch', 'Jammu & Kashmir'),
(504, 'Rajauri', 'Jammu & Kashmir'),
(505, 'Sopore', 'Jammu & Kashmir'),
(506, 'Srinagar', 'Jammu & Kashmir'),
(507, 'Udhampur', 'Jammu & Kashmir'),
(508, 'Amlabad', 'Jharkhand'),
(509, 'Ara', 'Jharkhand'),
(510, 'Barughutu', 'Jharkhand'),
(511, 'Bokaro Steel City', 'Jharkhand'),
(512, 'Chaibasa', 'Jharkhand'),
(513, 'Chakradharpur', 'Jharkhand'),
(514, 'Chandrapura', 'Jharkhand'),
(515, 'Chatra', 'Jharkhand'),
(516, 'Chirkunda', 'Jharkhand'),
(517, 'Churi', 'Jharkhand'),
(518, 'Daltonganj', 'Jharkhand'),
(519, 'Deoghar', 'Jharkhand'),
(520, 'Dhanbad', 'Jharkhand'),
(521, 'Dumka', 'Jharkhand'),
(522, 'Garhwa', 'Jharkhand'),
(523, 'Ghatshila', 'Jharkhand'),
(524, 'Giridih', 'Jharkhand'),
(525, 'Godda', 'Jharkhand'),
(526, 'Gomoh', 'Jharkhand'),
(527, 'Gumia', 'Jharkhand'),
(528, 'Gumla', 'Jharkhand'),
(529, 'Hazaribag', 'Jharkhand'),
(530, 'Hussainabad', 'Jharkhand'),
(531, 'Jamshedpur', 'Jharkhand'),
(532, 'Jamtara', 'Jharkhand'),
(533, 'Jhumri Tilaiya', 'Jharkhand'),
(534, 'Khunti', 'Jharkhand'),
(535, 'Lohardaga', 'Jharkhand'),
(536, 'Madhupur', 'Jharkhand'),
(537, 'Mihijam', 'Jharkhand'),
(538, 'Musabani', 'Jharkhand'),
(539, 'Pakaur', 'Jharkhand'),
(540, 'Patratu', 'Jharkhand'),
(541, 'Phusro', 'Jharkhand'),
(542, 'Ramngarh', 'Jharkhand'),
(543, 'Ranchi', 'Jharkhand'),
(544, 'Sahibganj', 'Jharkhand'),
(545, 'Saunda', 'Jharkhand'),
(546, 'Simdega', 'Jharkhand'),
(547, 'Tenu Dam-cum- Kathhara', 'Jharkhand'),
(548, 'Arasikere', 'Karnataka'),
(549, 'Bangalore', 'Karnataka'),
(550, 'Belgaum', 'Karnataka'),
(551, 'Bellary', 'Karnataka'),
(552, 'Chamrajnagar', 'Karnataka'),
(553, 'Chikkaballapur', 'Karnataka'),
(554, 'Chintamani', 'Karnataka'),
(555, 'Chitradurga', 'Karnataka'),
(556, 'Gulbarga', 'Karnataka'),
(557, 'Gundlupet', 'Karnataka'),
(558, 'Hassan', 'Karnataka'),
(559, 'Hospet', 'Karnataka'),
(560, 'Hubli', 'Karnataka'),
(561, 'Karkala', 'Karnataka'),
(562, 'Karwar', 'Karnataka'),
(563, 'Kolar', 'Karnataka'),
(564, 'Kota', 'Karnataka'),
(565, 'Lakshmeshwar', 'Karnataka'),
(566, 'Lingsugur', 'Karnataka'),
(567, 'Maddur', 'Karnataka'),
(568, 'Madhugiri', 'Karnataka'),
(569, 'Madikeri', 'Karnataka'),
(570, 'Magadi', 'Karnataka'),
(571, 'Mahalingpur', 'Karnataka'),
(572, 'Malavalli', 'Karnataka'),
(573, 'Malur', 'Karnataka'),
(574, 'Mandya', 'Karnataka'),
(575, 'Mangalore', 'Karnataka'),
(576, 'Manvi', 'Karnataka'),
(577, 'Mudalgi', 'Karnataka'),
(578, 'Mudbidri', 'Karnataka'),
(579, 'Muddebihal', 'Karnataka'),
(580, 'Mudhol', 'Karnataka'),
(581, 'Mulbagal', 'Karnataka'),
(582, 'Mundargi', 'Karnataka'),
(583, 'Mysore', 'Karnataka'),
(584, 'Nanjangud', 'Karnataka'),
(585, 'Pavagada', 'Karnataka'),
(586, 'Puttur', 'Karnataka'),
(587, 'Rabkavi Banhatti', 'Karnataka'),
(588, 'Raichur', 'Karnataka'),
(589, 'Ramanagaram', 'Karnataka'),
(590, 'Ramdurg', 'Karnataka'),
(591, 'Ranibennur', 'Karnataka'),
(592, 'Robertson Pet', 'Karnataka'),
(593, 'Ron', 'Karnataka'),
(594, 'Sadalgi', 'Karnataka'),
(595, 'Sagar', 'Karnataka'),
(596, 'Sakleshpur', 'Karnataka'),
(597, 'Sandur', 'Karnataka'),
(598, 'Sankeshwar', 'Karnataka'),
(599, 'Saundatti-Yellamma', 'Karnataka'),
(600, 'Savanur', 'Karnataka'),
(601, 'Sedam', 'Karnataka'),
(602, 'Shahabad', 'Karnataka'),
(603, 'Shahpur', 'Karnataka'),
(604, 'Shiggaon', 'Karnataka'),
(605, 'Shikapur', 'Karnataka'),
(606, 'Shimoga', 'Karnataka'),
(607, 'Shorapur', 'Karnataka'),
(608, 'Shrirangapattana', 'Karnataka'),
(609, 'Sidlaghatta', 'Karnataka'),
(610, 'Sindgi', 'Karnataka'),
(611, 'Sindhnur', 'Karnataka'),
(612, 'Sira', 'Karnataka'),
(613, 'Sirsi', 'Karnataka'),
(614, 'Siruguppa', 'Karnataka'),
(615, 'Srinivaspur', 'Karnataka'),
(616, 'Talikota', 'Karnataka'),
(617, 'Tarikere', 'Karnataka'),
(618, 'Tekkalakota', 'Karnataka'),
(619, 'Terdal', 'Karnataka'),
(620, 'Tiptur', 'Karnataka'),
(621, 'Tumkur', 'Karnataka'),
(622, 'Udupi', 'Karnataka'),
(623, 'Vijayapura', 'Karnataka'),
(624, 'Wadi', 'Karnataka'),
(625, 'Yadgir', 'Karnataka'),
(626, 'Adoor', 'Kerala'),
(627, 'Akathiyoor', 'Kerala'),
(628, 'Alappuzha', 'Kerala'),
(629, 'Ancharakandy', 'Kerala'),
(630, 'Aroor', 'Kerala'),
(631, 'Ashtamichira', 'Kerala'),
(632, 'Attingal', 'Kerala'),
(633, 'Avinissery', 'Kerala'),
(634, 'Chalakudy', 'Kerala'),
(635, 'Changanassery', 'Kerala'),
(636, 'Chendamangalam', 'Kerala'),
(637, 'Chengannur', 'Kerala'),
(638, 'Cherthala', 'Kerala'),
(639, 'Cheruthazham', 'Kerala'),
(640, 'Chittur-Thathamangalam', 'Kerala'),
(641, 'Chockli', 'Kerala'),
(642, 'Erattupetta', 'Kerala'),
(643, 'Guruvayoor', 'Kerala'),
(644, 'Irinjalakuda', 'Kerala'),
(645, 'Kadirur', 'Kerala'),
(646, 'Kalliasseri', 'Kerala'),
(647, 'Kalpetta', 'Kerala'),
(648, 'Kanhangad', 'Kerala'),
(649, 'Kanjikkuzhi', 'Kerala'),
(650, 'Kannur', 'Kerala'),
(651, 'Kasaragod', 'Kerala'),
(652, 'Kayamkulam', 'Kerala'),
(653, 'Kochi', 'Kerala'),
(654, 'Kodungallur', 'Kerala'),
(655, 'Kollam', 'Kerala'),
(656, 'Koothuparamba', 'Kerala'),
(657, 'Kothamangalam', 'Kerala'),
(658, 'Kottayam', 'Kerala'),
(659, 'Kozhikode', 'Kerala'),
(660, 'Kunnamkulam', 'Kerala'),
(661, 'Malappuram', 'Kerala'),
(662, 'Mattannur', 'Kerala'),
(663, 'Mavelikkara', 'Kerala'),
(664, 'Mavoor', 'Kerala'),
(665, 'Muvattupuzha', 'Kerala'),
(666, 'Nedumangad', 'Kerala'),
(667, 'Neyyattinkara', 'Kerala'),
(668, 'Ottappalam', 'Kerala'),
(669, 'Palai', 'Kerala'),
(670, 'Palakkad', 'Kerala'),
(671, 'Panniyannur', 'Kerala'),
(672, 'Pappinisseri', 'Kerala'),
(673, 'Paravoor', 'Kerala'),
(674, 'Pathanamthitta', 'Kerala'),
(675, 'Payyannur', 'Kerala'),
(676, 'Peringathur', 'Kerala'),
(677, 'Perinthalmanna', 'Kerala'),
(678, 'Perumbavoor', 'Kerala'),
(679, 'Ponnani', 'Kerala'),
(680, 'Punalur', 'Kerala'),
(681, 'Quilandy', 'Kerala'),
(682, 'Shoranur', 'Kerala'),
(683, 'Taliparamba', 'Kerala'),
(684, 'Thiruvalla', 'Kerala'),
(685, 'Thiruvananthapuram', 'Kerala'),
(686, 'Thodupuzha', 'Kerala'),
(687, 'Thrissur', 'Kerala'),
(688, 'Tirur', 'Kerala'),
(689, 'Vadakara', 'Kerala'),
(690, 'Vaikom', 'Kerala'),
(691, 'Varkala', 'Kerala'),
(692, 'Kavaratti', 'Lakshadweep'),
(693, 'Ashok Nagar', 'Madhya Pradesh'),
(694, 'Balaghat', 'Madhya Pradesh'),
(695, 'Betul', 'Madhya Pradesh'),
(696, 'Bhopal', 'Madhya Pradesh'),
(697, 'Burhanpur', 'Madhya Pradesh'),
(698, 'Chhatarpur', 'Madhya Pradesh'),
(699, 'Dabra', 'Madhya Pradesh'),
(700, 'Datia', 'Madhya Pradesh'),
(701, 'Dewas', 'Madhya Pradesh'),
(702, 'Dhar', 'Madhya Pradesh'),
(703, 'Fatehabad', 'Madhya Pradesh'),
(704, 'Gwalior', 'Madhya Pradesh'),
(705, 'Indore', 'Madhya Pradesh'),
(706, 'Itarsi', 'Madhya Pradesh'),
(707, 'Jabalpur', 'Madhya Pradesh'),
(708, 'Katni', 'Madhya Pradesh'),
(709, 'Kotma', 'Madhya Pradesh'),
(710, 'Lahar', 'Madhya Pradesh'),
(711, 'Lundi', 'Madhya Pradesh'),
(712, 'Maharajpur', 'Madhya Pradesh'),
(713, 'Mahidpur', 'Madhya Pradesh'),
(714, 'Maihar', 'Madhya Pradesh'),
(715, 'Malajkhand', 'Madhya Pradesh'),
(716, 'Manasa', 'Madhya Pradesh'),
(717, 'Manawar', 'Madhya Pradesh'),
(718, 'Mandideep', 'Madhya Pradesh'),
(719, 'Mandla', 'Madhya Pradesh'),
(720, 'Mandsaur', 'Madhya Pradesh'),
(721, 'Mauganj', 'Madhya Pradesh'),
(722, 'Mhow Cantonment', 'Madhya Pradesh'),
(723, 'Mhowgaon', 'Madhya Pradesh'),
(724, 'Morena', 'Madhya Pradesh'),
(725, 'Multai', 'Madhya Pradesh'),
(726, 'Murwara', 'Madhya Pradesh'),
(727, 'Nagda', 'Madhya Pradesh'),
(728, 'Nainpur', 'Madhya Pradesh'),
(729, 'Narsinghgarh', 'Madhya Pradesh'),
(730, 'Narsinghgarh', 'Madhya Pradesh'),
(731, 'Neemuch', 'Madhya Pradesh'),
(732, 'Nepanagar', 'Madhya Pradesh'),
(733, 'Niwari', 'Madhya Pradesh'),
(734, 'Nowgong', 'Madhya Pradesh'),
(735, 'Nowrozabad', 'Madhya Pradesh'),
(736, 'Pachore', 'Madhya Pradesh'),
(737, 'Pali', 'Madhya Pradesh'),
(738, 'Panagar', 'Madhya Pradesh'),
(739, 'Pandhurna', 'Madhya Pradesh'),
(740, 'Panna', 'Madhya Pradesh'),
(741, 'Pasan', 'Madhya Pradesh'),
(742, 'Pipariya', 'Madhya Pradesh'),
(743, 'Pithampur', 'Madhya Pradesh'),
(744, 'Porsa', 'Madhya Pradesh'),
(745, 'Prithvipur', 'Madhya Pradesh'),
(746, 'Raghogarh-Vijaypur', 'Madhya Pradesh'),
(747, 'Rahatgarh', 'Madhya Pradesh'),
(748, 'Raisen', 'Madhya Pradesh'),
(749, 'Rajgarh', 'Madhya Pradesh'),
(750, 'Ratlam', 'Madhya Pradesh'),
(751, 'Rau', 'Madhya Pradesh'),
(752, 'Rehli', 'Madhya Pradesh'),
(753, 'Rewa', 'Madhya Pradesh'),
(754, 'Sabalgarh', 'Madhya Pradesh'),
(755, 'Sagar', 'Madhya Pradesh'),
(756, 'Sanawad', 'Madhya Pradesh'),
(757, 'Sarangpur', 'Madhya Pradesh'),
(758, 'Sarni', 'Madhya Pradesh'),
(759, 'Satna', 'Madhya Pradesh'),
(760, 'Sausar', 'Madhya Pradesh'),
(761, 'Sehore', 'Madhya Pradesh'),
(762, 'Sendhwa', 'Madhya Pradesh'),
(763, 'Seoni', 'Madhya Pradesh'),
(764, 'Seoni-Malwa', 'Madhya Pradesh'),
(765, 'Shahdol', 'Madhya Pradesh'),
(766, 'Shajapur', 'Madhya Pradesh'),
(767, 'Shamgarh', 'Madhya Pradesh'),
(768, 'Sheopur', 'Madhya Pradesh'),
(769, 'Shivpuri', 'Madhya Pradesh'),
(770, 'Shujalpur', 'Madhya Pradesh'),
(771, 'Sidhi', 'Madhya Pradesh'),
(772, 'Sihora', 'Madhya Pradesh'),
(773, 'Singrauli', 'Madhya Pradesh'),
(774, 'Sironj', 'Madhya Pradesh'),
(775, 'Sohagpur', 'Madhya Pradesh'),
(776, 'Tarana', 'Madhya Pradesh'),
(777, 'Tikamgarh', 'Madhya Pradesh'),
(778, 'Ujhani', 'Madhya Pradesh'),
(779, 'Ujjain', 'Madhya Pradesh'),
(780, 'Umaria', 'Madhya Pradesh'),
(781, 'Vidisha', 'Madhya Pradesh'),
(782, 'Wara Seoni', 'Madhya Pradesh'),
(783, 'Ahmednagar', 'Maharashtra'),
(784, 'Akola', 'Maharashtra'),
(785, 'Amravati', 'Maharashtra'),
(786, 'Aurangabad', 'Maharashtra'),
(787, 'Baramati', 'Maharashtra'),
(788, 'Chalisgaon', 'Maharashtra'),
(789, 'Chinchani', 'Maharashtra'),
(790, 'Devgarh', 'Maharashtra'),
(791, 'Dhule', 'Maharashtra'),
(792, 'Dombivli', 'Maharashtra'),
(793, 'Durgapur', 'Maharashtra'),
(794, 'Ichalkaranji', 'Maharashtra'),
(795, 'Jalna', 'Maharashtra'),
(796, 'Kalyan', 'Maharashtra'),
(797, 'Latur', 'Maharashtra'),
(798, 'Loha', 'Maharashtra'),
(799, 'Lonar', 'Maharashtra'),
(800, 'Lonavla', 'Maharashtra'),
(801, 'Mahad', 'Maharashtra'),
(802, 'Mahuli', 'Maharashtra'),
(803, 'Malegaon', 'Maharashtra'),
(804, 'Malkapur', 'Maharashtra'),
(805, 'Manchar', 'Maharashtra'),
(806, 'Mangalvedhe', 'Maharashtra'),
(807, 'Mangrulpir', 'Maharashtra'),
(808, 'Manjlegaon', 'Maharashtra'),
(809, 'Manmad', 'Maharashtra'),
(810, 'Manwath', 'Maharashtra'),
(811, 'Mehkar', 'Maharashtra'),
(812, 'Mhaswad', 'Maharashtra'),
(813, 'Miraj', 'Maharashtra'),
(814, 'Morshi', 'Maharashtra'),
(815, 'Mukhed', 'Maharashtra'),
(816, 'Mul', 'Maharashtra'),
(817, 'Mumbai', 'Maharashtra'),
(818, 'Murtijapur', 'Maharashtra'),
(819, 'Nagpur', 'Maharashtra'),
(820, 'Nalasopara', 'Maharashtra'),
(821, 'Nanded-Waghala', 'Maharashtra'),
(822, 'Nandgaon', 'Maharashtra'),
(823, 'Nandura', 'Maharashtra'),
(824, 'Nandurbar', 'Maharashtra'),
(825, 'Narkhed', 'Maharashtra'),
(826, 'Nashik', 'Maharashtra'),
(827, 'Navi Mumbai', 'Maharashtra'),
(828, 'Nawapur', 'Maharashtra'),
(829, 'Nilanga', 'Maharashtra'),
(830, 'Osmanabad', 'Maharashtra'),
(831, 'Ozar', 'Maharashtra'),
(832, 'Pachora', 'Maharashtra'),
(833, 'Paithan', 'Maharashtra'),
(834, 'Palghar', 'Maharashtra'),
(835, 'Pandharkaoda', 'Maharashtra'),
(836, 'Pandharpur', 'Maharashtra'),
(837, 'Panvel', 'Maharashtra'),
(838, 'Parbhani', 'Maharashtra'),
(839, 'Parli', 'Maharashtra'),
(840, 'Parola', 'Maharashtra'),
(841, 'Partur', 'Maharashtra'),
(842, 'Pathardi', 'Maharashtra'),
(843, 'Pathri', 'Maharashtra'),
(844, 'Patur', 'Maharashtra'),
(845, 'Pauni', 'Maharashtra'),
(846, 'Pen', 'Maharashtra'),
(847, 'Phaltan', 'Maharashtra'),
(848, 'Pulgaon', 'Maharashtra'),
(849, 'Pune', 'Maharashtra'),
(850, 'Purna', 'Maharashtra'),
(851, 'Pusad', 'Maharashtra'),
(852, 'Rahuri', 'Maharashtra'),
(853, 'Rajura', 'Maharashtra'),
(854, 'Ramtek', 'Maharashtra'),
(855, 'Ratnagiri', 'Maharashtra'),
(856, 'Raver', 'Maharashtra'),
(857, 'Risod', 'Maharashtra'),
(858, 'Sailu', 'Maharashtra'),
(859, 'Sangamner', 'Maharashtra'),
(860, 'Sangli', 'Maharashtra'),
(861, 'Sangole', 'Maharashtra'),
(862, 'Sasvad', 'Maharashtra'),
(863, 'Satana', 'Maharashtra'),
(864, 'Satara', 'Maharashtra'),
(865, 'Savner', 'Maharashtra'),
(866, 'Sawantwadi', 'Maharashtra'),
(867, 'Shahade', 'Maharashtra'),
(868, 'Shegaon', 'Maharashtra'),
(869, 'Shendurjana', 'Maharashtra'),
(870, 'Shirdi', 'Maharashtra'),
(871, 'Shirpur-Warwade', 'Maharashtra'),
(872, 'Shirur', 'Maharashtra'),
(873, 'Shrigonda', 'Maharashtra'),
(874, 'Shrirampur', 'Maharashtra'),
(875, 'Sillod', 'Maharashtra'),
(876, 'Sinnar', 'Maharashtra'),
(877, 'Solapur', 'Maharashtra'),
(878, 'Soyagaon', 'Maharashtra'),
(879, 'Talegaon Dabhade', 'Maharashtra'),
(880, 'Talode', 'Maharashtra'),
(881, 'Tasgaon', 'Maharashtra'),
(882, 'Tirora', 'Maharashtra'),
(883, 'Tuljapur', 'Maharashtra'),
(884, 'Tumsar', 'Maharashtra'),
(885, 'Uran', 'Maharashtra'),
(886, 'Uran Islampur', 'Maharashtra'),
(887, 'Wadgaon Road', 'Maharashtra'),
(888, 'Wai', 'Maharashtra'),
(889, 'Wani', 'Maharashtra'),
(890, 'Wardha', 'Maharashtra'),
(891, 'Warora', 'Maharashtra'),
(892, 'Warud', 'Maharashtra'),
(893, 'Washim', 'Maharashtra'),
(894, 'Yevla', 'Maharashtra'),
(895, 'Uchgaon', 'Maharashtra'),
(896, 'Udgir', 'Maharashtra'),
(897, 'Umarga', 'Maharastra'),
(898, 'Umarkhed', 'Maharastra'),
(899, 'Umred', 'Maharastra'),
(900, 'Vadgaon Kasba', 'Maharastra'),
(901, 'Vaijapur', 'Maharastra'),
(902, 'Vasai', 'Maharastra'),
(903, 'Virar', 'Maharastra'),
(904, 'Vita', 'Maharastra'),
(905, 'Yavatmal', 'Maharastra'),
(906, 'Yawal', 'Maharastra'),
(907, 'Imphal', 'Manipur'),
(908, 'Kakching', 'Manipur'),
(909, 'Lilong', 'Manipur'),
(910, 'Mayang Imphal', 'Manipur'),
(911, 'Thoubal', 'Manipur'),
(912, 'Jowai', 'Meghalaya'),
(913, 'Nongstoin', 'Meghalaya'),
(914, 'Shillong', 'Meghalaya'),
(915, 'Tura', 'Meghalaya'),
(916, 'Aizawl', 'Mizoram'),
(917, 'Champhai', 'Mizoram'),
(918, 'Lunglei', 'Mizoram'),
(919, 'Saiha', 'Mizoram'),
(920, 'Dimapur', 'Nagaland'),
(921, 'Kohima', 'Nagaland'),
(922, 'Mokokchung', 'Nagaland'),
(923, 'Tuensang', 'Nagaland'),
(924, 'Wokha', 'Nagaland'),
(925, 'Zunheboto', 'Nagaland'),
(950, 'Anandapur', 'Orissa'),
(951, 'Anugul', 'Orissa'),
(952, 'Asika', 'Orissa'),
(953, 'Balangir', 'Orissa'),
(954, 'Balasore', 'Orissa'),
(955, 'Baleshwar', 'Orissa'),
(956, 'Bamra', 'Orissa'),
(957, 'Barbil', 'Orissa'),
(958, 'Bargarh', 'Orissa'),
(959, 'Bargarh', 'Orissa'),
(960, 'Baripada', 'Orissa'),
(961, 'Basudebpur', 'Orissa'),
(962, 'Belpahar', 'Orissa'),
(963, 'Bhadrak', 'Orissa'),
(964, 'Bhawanipatna', 'Orissa'),
(965, 'Bhuban', 'Orissa'),
(966, 'Bhubaneswar', 'Orissa'),
(967, 'Biramitrapur', 'Orissa'),
(968, 'Brahmapur', 'Orissa'),
(969, 'Brajrajnagar', 'Orissa'),
(970, 'Byasanagar', 'Orissa'),
(971, 'Cuttack', 'Orissa'),
(972, 'Debagarh', 'Orissa'),
(973, 'Dhenkanal', 'Orissa'),
(974, 'Gunupur', 'Orissa'),
(975, 'Hinjilicut', 'Orissa'),
(976, 'Jagatsinghapur', 'Orissa'),
(977, 'Jajapur', 'Orissa'),
(978, 'Jaleswar', 'Orissa'),
(979, 'Jatani', 'Orissa'),
(980, 'Jeypur', 'Orissa'),
(981, 'Jharsuguda', 'Orissa'),
(982, 'Joda', 'Orissa'),
(983, 'Kantabanji', 'Orissa'),
(984, 'Karanjia', 'Orissa'),
(985, 'Kendrapara', 'Orissa'),
(986, 'Kendujhar', 'Orissa'),
(987, 'Khordha', 'Orissa'),
(988, 'Koraput', 'Orissa'),
(989, 'Malkangiri', 'Orissa'),
(990, 'Nabarangapur', 'Orissa'),
(991, 'Paradip', 'Orissa'),
(992, 'Parlakhemundi', 'Orissa'),
(993, 'Pattamundai', 'Orissa'),
(994, 'Phulabani', 'Orissa'),
(995, 'Puri', 'Orissa'),
(996, 'Rairangpur', 'Orissa'),
(997, 'Rajagangapur', 'Orissa'),
(998, 'Raurkela', 'Orissa'),
(999, 'Rayagada', 'Orissa'),
(1000, 'Sambalpur', 'Orissa'),
(1001, 'Soro', 'Orissa'),
(1002, 'Sunabeda', 'Orissa'),
(1003, 'Sundargarh', 'Orissa'),
(1004, 'Talcher', 'Orissa'),
(1005, 'Titlagarh', 'Orissa'),
(1006, 'Umarkote', 'Orissa'),
(1007, 'Karaikal', 'Pondicherry'),
(1008, 'Mahe', 'Pondicherry'),
(1009, 'Pondicherry', 'Pondicherry'),
(1010, 'Yanam', 'Pondicherry'),
(1011, 'Ahmedgarh', 'Punjab'),
(1012, 'Amritsar', 'Punjab'),
(1013, 'Barnala', 'Punjab'),
(1014, 'Batala', 'Punjab'),
(1015, 'Bathinda', 'Punjab'),
(1016, 'Bhagha Purana', 'Punjab'),
(1017, 'Budhlada', 'Punjab'),
(1018, 'Chandigarh', 'Punjab'),
(1019, 'Dasua', 'Punjab'),
(1020, 'Dhuri', 'Punjab'),
(1021, 'Dinanagar', 'Punjab'),
(1022, 'Faridkot', 'Punjab'),
(1023, 'Fazilka', 'Punjab'),
(1024, 'Firozpur', 'Punjab'),
(1025, 'Firozpur Cantt.', 'Punjab'),
(1026, 'Giddarbaha', 'Punjab'),
(1027, 'Gobindgarh', 'Punjab'),
(1028, 'Gurdaspur', 'Punjab'),
(1029, 'Hoshiarpur', 'Punjab'),
(1030, 'Jagraon', 'Punjab'),
(1031, 'Jaitu', 'Punjab'),
(1032, 'Jalalabad', 'Punjab'),
(1033, 'Jalandhar', 'Punjab'),
(1034, 'Jalandhar Cantt.', 'Punjab'),
(1035, 'Jandiala', 'Punjab'),
(1036, 'Kapurthala', 'Punjab'),
(1037, 'Karoran', 'Punjab'),
(1038, 'Kartarpur', 'Punjab'),
(1039, 'Khanna', 'Punjab'),
(1040, 'Kharar', 'Punjab'),
(1041, 'Kot Kapura', 'Punjab'),
(1042, 'Kurali', 'Punjab'),
(1043, 'Longowal', 'Punjab'),
(1044, 'Ludhiana', 'Punjab'),
(1045, 'Malerkotla', 'Punjab'),
(1046, 'Malout', 'Punjab'),
(1047, 'Mansa', 'Punjab'),
(1048, 'Maur', 'Punjab'),
(1049, 'Moga', 'Punjab'),
(1050, 'Mohali', 'Punjab'),
(1051, 'Morinda', 'Punjab'),
(1052, 'Mukerian', 'Punjab'),
(1053, 'Muktsar', 'Punjab'),
(1054, 'Nabha', 'Punjab'),
(1055, 'Nakodar', 'Punjab'),
(1056, 'Nangal', 'Punjab'),
(1057, 'Nawanshahr', 'Punjab'),
(1058, 'Pathankot', 'Punjab'),
(1059, 'Patiala', 'Punjab'),
(1060, 'Patran', 'Punjab'),
(1061, 'Patti', 'Punjab'),
(1062, 'Phagwara', 'Punjab'),
(1063, 'Phillaur', 'Punjab'),
(1064, 'Qadian', 'Punjab'),
(1065, 'Raikot', 'Punjab'),
(1066, 'Rajpura', 'Punjab'),
(1067, 'Rampura Phul', 'Punjab'),
(1068, 'Rupnagar', 'Punjab'),
(1069, 'Samana', 'Punjab'),
(1070, 'Sangrur', 'Punjab'),
(1071, 'Sirhind Fatehgarh Sahib', 'Punjab'),
(1072, 'Sujanpur', 'Punjab'),
(1073, 'Sunam', 'Punjab'),
(1074, 'Talwara', 'Punjab'),
(1075, 'Tarn Taran', 'Punjab'),
(1076, 'Urmar Tanda', 'Punjab'),
(1077, 'Zira', 'Punjab'),
(1078, 'Zirakpur', 'Punjab'),
(1079, 'Bali', 'Rajasthan'),
(1080, 'Banswara', 'Rajastan'),
(1081, 'Ajmer', 'Rajasthan'),
(1082, 'Alwar', 'Rajasthan'),
(1083, 'Bandikui', 'Rajasthan'),
(1084, 'Baran', 'Rajasthan'),
(1085, 'Barmer', 'Rajasthan'),
(1086, 'Bikaner', 'Rajasthan'),
(1087, 'Fatehpur', 'Rajasthan'),
(1088, 'Jaipur', 'Rajasthan'),
(1089, 'Jaisalmer', 'Rajasthan'),
(1090, 'Jodhpur', 'Rajasthan'),
(1091, 'Kota', 'Rajasthan'),
(1092, 'Lachhmangarh', 'Rajasthan'),
(1093, 'Ladnu', 'Rajasthan'),
(1094, 'Lakheri', 'Rajasthan'),
(1095, 'Lalsot', 'Rajasthan'),
(1096, 'Losal', 'Rajasthan'),
(1097, 'Makrana', 'Rajasthan'),
(1098, 'Malpura', 'Rajasthan'),
(1099, 'Mandalgarh', 'Rajasthan'),
(1100, 'Mandawa', 'Rajasthan'),
(1101, 'Mangrol', 'Rajasthan'),
(1102, 'Merta City', 'Rajasthan'),
(1103, 'Mount Abu', 'Rajasthan'),
(1104, 'Nadbai', 'Rajasthan'),
(1105, 'Nagar', 'Rajasthan'),
(1106, 'Nagaur', 'Rajasthan'),
(1107, 'Nargund', 'Rajasthan'),
(1108, 'Nasirabad', 'Rajasthan'),
(1109, 'Nathdwara', 'Rajasthan'),
(1110, 'Navalgund', 'Rajasthan'),
(1111, 'Nawalgarh', 'Rajasthan'),
(1112, 'Neem-Ka-Thana', 'Rajasthan'),
(1113, 'Nelamangala', 'Rajasthan'),
(1114, 'Nimbahera', 'Rajasthan'),
(1115, 'Nipani', 'Rajasthan'),
(1116, 'Niwai', 'Rajasthan'),
(1117, 'Nohar', 'Rajasthan'),
(1118, 'Nokha', 'Rajasthan'),
(1119, 'Pali', 'Rajasthan'),
(1120, 'Phalodi', 'Rajasthan'),
(1121, 'Phulera', 'Rajasthan'),
(1122, 'Pilani', 'Rajasthan'),
(1123, 'Pilibanga', 'Rajasthan'),
(1124, 'Pindwara', 'Rajasthan'),
(1125, 'Pipar City', 'Rajasthan'),
(1126, 'Prantij', 'Rajasthan'),
(1127, 'Pratapgarh', 'Rajasthan'),
(1128, 'Raisinghnagar', 'Rajasthan'),
(1129, 'Rajakhera', 'Rajasthan'),
(1130, 'Rajaldesar', 'Rajasthan'),
(1131, 'Rajgarh (Alwar)', 'Rajasthan'),
(1132, 'Rajgarh (Churu', 'Rajasthan'),
(1133, 'Rajsamand', 'Rajasthan'),
(1134, 'Ramganj Mandi', 'Rajasthan'),
(1135, 'Ramngarh', 'Rajasthan'),
(1136, 'Ratangarh', 'Rajasthan'),
(1137, 'Rawatbhata', 'Rajasthan'),
(1138, 'Rawatsar', 'Rajasthan'),
(1139, 'Reengus', 'Rajasthan'),
(1140, 'Sadri', 'Rajasthan'),
(1141, 'Sadulshahar', 'Rajasthan'),
(1142, 'Sagwara', 'Rajasthan'),
(1143, 'Sambhar', 'Rajasthan'),
(1144, 'Sanchore', 'Rajasthan'),
(1145, 'Sangaria', 'Rajasthan'),
(1146, 'Sardarshahar', 'Rajasthan'),
(1147, 'Sawai Madhopur', 'Rajasthan'),
(1148, 'Shahpura', 'Rajasthan'),
(1149, 'Shahpura', 'Rajasthan'),
(1150, 'Sheoganj', 'Rajasthan'),
(1151, 'Sikar', 'Rajasthan'),
(1152, 'Sirohi', 'Rajasthan'),
(1153, 'Sojat', 'Rajasthan'),
(1154, 'Sri Madhopur', 'Rajasthan'),
(1155, 'Sujangarh', 'Rajasthan'),
(1156, 'Sumerpur', 'Rajasthan'),
(1157, 'Suratgarh', 'Rajasthan'),
(1158, 'Taranagar', 'Rajasthan'),
(1159, 'Todabhim', 'Rajasthan'),
(1160, 'Todaraisingh', 'Rajasthan'),
(1161, 'Tonk', 'Rajasthan'),
(1162, 'Udaipur', 'Rajasthan'),
(1163, 'Udaipurwati', 'Rajasthan'),
(1164, 'Vijainagar', 'Rajasthan'),
(1165, 'Gangtok', 'Sikkim'),
(1166, 'Calcutta', 'West Bengal'),
(1167, 'Arakkonam', 'Tamil Nadu'),
(1168, 'Arcot', 'Tamil Nadu'),
(1169, 'Aruppukkottai', 'Tamil Nadu'),
(1170, 'Bhavani', 'Tamil Nadu'),
(1171, 'Chengalpattu', 'Tamil Nadu'),
(1172, 'Chennai', 'Tamil Nadu'),
(1173, 'Chinna salem', 'Tamil nadu'),
(1174, 'Coimbatore', 'Tamil Nadu'),
(1175, 'Coonoor', 'Tamil Nadu'),
(1176, 'Cuddalore', 'Tamil Nadu'),
(1177, 'Dharmapuri', 'Tamil Nadu'),
(1178, 'Dindigul', 'Tamil Nadu'),
(1179, 'Erode', 'Tamil Nadu'),
(1180, 'Gudalur', 'Tamil Nadu'),
(1181, 'Gudalur', 'Tamil Nadu'),
(1182, 'Gudalur', 'Tamil Nadu'),
(1183, 'Kanchipuram', 'Tamil Nadu'),
(1184, 'Karaikudi', 'Tamil Nadu'),
(1185, 'Karungal', 'Tamil Nadu'),
(1186, 'Karur', 'Tamil Nadu'),
(1187, 'Kollankodu', 'Tamil Nadu'),
(1188, 'Lalgudi', 'Tamil Nadu'),
(1189, 'Madurai', 'Tamil Nadu'),
(1190, 'Nagapattinam', 'Tamil Nadu'),
(1191, 'Nagercoil', 'Tamil Nadu'),
(1192, 'Namagiripettai', 'Tamil Nadu'),
(1193, 'Namakkal', 'Tamil Nadu'),
(1194, 'Nandivaram-Guduvancheri', 'Tamil Nadu'),
(1195, 'Nanjikottai', 'Tamil Nadu'),
(1196, 'Natham', 'Tamil Nadu'),
(1197, 'Nellikuppam', 'Tamil Nadu'),
(1198, 'Neyveli', 'Tamil Nadu'),
(1199, 'O\' Valley', 'Tamil Nadu'),
(1200, 'Oddanchatram', 'Tamil Nadu'),
(1201, 'P.N.Patti', 'Tamil Nadu'),
(1202, 'Pacode', 'Tamil Nadu'),
(1203, 'Padmanabhapuram', 'Tamil Nadu'),
(1204, 'Palani', 'Tamil Nadu'),
(1205, 'Palladam', 'Tamil Nadu'),
(1206, 'Pallapatti', 'Tamil Nadu'),
(1207, 'Pallikonda', 'Tamil Nadu'),
(1208, 'Panagudi', 'Tamil Nadu'),
(1209, 'Panruti', 'Tamil Nadu'),
(1210, 'Paramakudi', 'Tamil Nadu'),
(1211, 'Parangipettai', 'Tamil Nadu'),
(1212, 'Pattukkottai', 'Tamil Nadu'),
(1213, 'Perambalur', 'Tamil Nadu'),
(1214, 'Peravurani', 'Tamil Nadu'),
(1215, 'Periyakulam', 'Tamil Nadu'),
(1216, 'Periyasemur', 'Tamil Nadu'),
(1217, 'Pernampattu', 'Tamil Nadu'),
(1218, 'Pollachi', 'Tamil Nadu'),
(1219, 'Polur', 'Tamil Nadu'),
(1220, 'Ponneri', 'Tamil Nadu'),
(1221, 'Pudukkottai', 'Tamil Nadu'),
(1222, 'Pudupattinam', 'Tamil Nadu'),
(1223, 'Puliyankudi', 'Tamil Nadu'),
(1224, 'Punjaipugalur', 'Tamil Nadu'),
(1225, 'Rajapalayam', 'Tamil Nadu'),
(1226, 'Ramanathapuram', 'Tamil Nadu'),
(1227, 'Rameshwaram', 'Tamil Nadu'),
(1228, 'Rasipuram', 'Tamil Nadu'),
(1229, 'Salem', 'Tamil Nadu'),
(1230, 'Sankarankoil', 'Tamil Nadu'),
(1231, 'Sankari', 'Tamil Nadu'),
(1232, 'Sathyamangalam', 'Tamil Nadu'),
(1233, 'Sattur', 'Tamil Nadu'),
(1234, 'Shenkottai', 'Tamil Nadu'),
(1235, 'Sholavandan', 'Tamil Nadu'),
(1236, 'Sholingur', 'Tamil Nadu'),
(1237, 'Sirkali', 'Tamil Nadu'),
(1238, 'Sivaganga', 'Tamil Nadu'),
(1239, 'Sivagiri', 'Tamil Nadu'),
(1240, 'Sivakasi', 'Tamil Nadu'),
(1241, 'Srivilliputhur', 'Tamil Nadu'),
(1242, 'Surandai', 'Tamil Nadu'),
(1243, 'Suriyampalayam', 'Tamil Nadu'),
(1244, 'Tenkasi', 'Tamil Nadu'),
(1245, 'Thammampatti', 'Tamil Nadu'),
(1246, 'Thanjavur', 'Tamil Nadu'),
(1247, 'Tharamangalam', 'Tamil Nadu'),
(1248, 'Tharangambadi', 'Tamil Nadu'),
(1249, 'Theni Allinagaram', 'Tamil Nadu'),
(1250, 'Thirumangalam', 'Tamil Nadu'),
(1251, 'Thirunindravur', 'Tamil Nadu'),
(1252, 'Thiruparappu', 'Tamil Nadu'),
(1253, 'Thirupuvanam', 'Tamil Nadu'),
(1254, 'Thiruthuraipoondi', 'Tamil Nadu'),
(1255, 'Thiruvallur', 'Tamil Nadu'),
(1256, 'Thiruvarur', 'Tamil Nadu'),
(1257, 'Thoothukudi', 'Tamil Nadu'),
(1258, 'Thuraiyur', 'Tamil Nadu'),
(1259, 'Tindivanam', 'Tamil Nadu'),
(1260, 'Tiruchendur', 'Tamil Nadu'),
(1261, 'Tiruchengode', 'Tamil Nadu'),
(1262, 'Tiruchirappalli', 'Tamil Nadu'),
(1263, 'Tirukalukundram', 'Tamil Nadu'),
(1264, 'Tirukkoyilur', 'Tamil Nadu'),
(1265, 'Tirunelveli', 'Tamil Nadu'),
(1266, 'Tirupathur', 'Tamil Nadu'),
(1267, 'Tirupathur', 'Tamil Nadu'),
(1268, 'Tiruppur', 'Tamil Nadu'),
(1269, 'Tiruttani', 'Tamil Nadu'),
(1270, 'Tiruvannamalai', 'Tamil Nadu'),
(1271, 'Tiruvethipuram', 'Tamil Nadu'),
(1272, 'Tittakudi', 'Tamil Nadu'),
(1273, 'Udhagamandalam', 'Tamil Nadu'),
(1274, 'Udumalaipettai', 'Tamil Nadu'),
(1275, 'Unnamalaikadai', 'Tamil Nadu'),
(1276, 'Usilampatti', 'Tamil Nadu'),
(1277, 'Uthamapalayam', 'Tamil Nadu'),
(1278, 'Uthiramerur', 'Tamil Nadu'),
(1279, 'Vadakkuvalliyur', 'Tamil Nadu'),
(1280, 'Vadalur', 'Tamil Nadu'),
(1281, 'Vadipatti', 'Tamil Nadu'),
(1282, 'Valparai', 'Tamil Nadu'),
(1283, 'Vandavasi', 'Tamil Nadu'),
(1284, 'Vaniyambadi', 'Tamil Nadu'),
(1285, 'Vedaranyam', 'Tamil Nadu'),
(1286, 'Vellakoil', 'Tamil Nadu'),
(1287, 'Vellore', 'Tamil Nadu'),
(1288, 'Vikramasingapuram', 'Tamil Nadu'),
(1289, 'Viluppuram', 'Tamil Nadu'),
(1290, 'Virudhachalam', 'Tamil Nadu'),
(1291, 'Virudhunagar', 'Tamil Nadu'),
(1292, 'Viswanatham', 'Tamil Nadu'),
(1293, 'Agartala', 'Tripura'),
(1294, 'Badharghat', 'Tripura'),
(1295, 'Dharmanagar', 'Tripura'),
(1296, 'Indranagar', 'Tripura'),
(1297, 'Jogendranagar', 'Tripura'),
(1298, 'Kailasahar', 'Tripura'),
(1299, 'Khowai', 'Tripura'),
(1300, 'Pratapgarh', 'Tripura'),
(1301, 'Udaipur', 'Tripura'),
(1302, 'Achhnera', 'Uttar Pradesh'),
(1303, 'Adari', 'Uttar Pradesh'),
(1304, 'Agra', 'Uttar Pradesh'),
(1305, 'Aligarh', 'Uttar Pradesh'),
(1306, 'Allahabad', 'Uttar Pradesh'),
(1307, 'Amroha', 'Uttar Pradesh'),
(1308, 'Azamgarh', 'Uttar Pradesh'),
(1309, 'Bahraich', 'Uttar Pradesh'),
(1310, 'Ballia', 'Uttar Pradesh'),
(1311, 'Balrampur', 'Uttar Pradesh'),
(1312, 'Banda', 'Uttar Pradesh'),
(1313, 'Bareilly', 'Uttar Pradesh'),
(1314, 'Chandausi', 'Uttar Pradesh'),
(1315, 'Dadri', 'Uttar Pradesh'),
(1316, 'Deoria', 'Uttar Pradesh'),
(1317, 'Etawah', 'Uttar Pradesh'),
(1318, 'Fatehabad', 'Uttar Pradesh'),
(1319, 'Fatehpur', 'Uttar Pradesh'),
(1320, 'Fatehpur', 'Uttar Pradesh'),
(1321, 'Greater Noida', 'Uttar Pradesh'),
(1322, 'Hamirpur', 'Uttar Pradesh'),
(1323, 'Hardoi', 'Uttar Pradesh'),
(1324, 'Jajmau', 'Uttar Pradesh'),
(1325, 'Jaunpur', 'Uttar Pradesh'),
(1326, 'Jhansi', 'Uttar Pradesh'),
(1327, 'Kalpi', 'Uttar Pradesh'),
(1328, 'Kanpur', 'Uttar Pradesh'),
(1329, 'Kota', 'Uttar Pradesh'),
(1330, 'Laharpur', 'Uttar Pradesh'),
(1331, 'Lakhimpur', 'Uttar Pradesh'),
(1332, 'Lal Gopalganj Nindaura', 'Uttar Pradesh'),
(1333, 'Lalganj', 'Uttar Pradesh'),
(1334, 'Lalitpur', 'Uttar Pradesh'),
(1335, 'Lar', 'Uttar Pradesh'),
(1336, 'Loni', 'Uttar Pradesh'),
(1337, 'Lucknow', 'Uttar Pradesh'),
(1338, 'Mathura', 'Uttar Pradesh'),
(1339, 'Meerut', 'Uttar Pradesh'),
(1340, 'Modinagar', 'Uttar Pradesh'),
(1341, 'Muradnagar', 'Uttar Pradesh'),
(1342, 'Nagina', 'Uttar Pradesh'),
(1343, 'Najibabad', 'Uttar Pradesh'),
(1344, 'Nakur', 'Uttar Pradesh'),
(1345, 'Nanpara', 'Uttar Pradesh'),
(1346, 'Naraura', 'Uttar Pradesh'),
(1347, 'Naugawan Sadat', 'Uttar Pradesh'),
(1348, 'Nautanwa', 'Uttar Pradesh'),
(1349, 'Nawabganj', 'Uttar Pradesh'),
(1350, 'Nehtaur', 'Uttar Pradesh'),
(1351, 'NOIDA', 'Uttar Pradesh'),
(1352, 'Noorpur', 'Uttar Pradesh'),
(1353, 'Obra', 'Uttar Pradesh'),
(1354, 'Orai', 'Uttar Pradesh'),
(1355, 'Padrauna', 'Uttar Pradesh'),
(1356, 'Palia Kalan', 'Uttar Pradesh'),
(1357, 'Parasi', 'Uttar Pradesh'),
(1358, 'Phulpur', 'Uttar Pradesh'),
(1359, 'Pihani', 'Uttar Pradesh'),
(1360, 'Pilibhit', 'Uttar Pradesh'),
(1361, 'Pilkhuwa', 'Uttar Pradesh'),
(1362, 'Powayan', 'Uttar Pradesh'),
(1363, 'Pukhrayan', 'Uttar Pradesh'),
(1364, 'Puranpur', 'Uttar Pradesh'),
(1365, 'Purquazi', 'Uttar Pradesh'),
(1366, 'Purwa', 'Uttar Pradesh'),
(1367, 'Rae Bareli', 'Uttar Pradesh'),
(1368, 'Rampur', 'Uttar Pradesh'),
(1369, 'Rampur Maniharan', 'Uttar Pradesh'),
(1370, 'Rasra', 'Uttar Pradesh'),
(1371, 'Rath', 'Uttar Pradesh'),
(1372, 'Renukoot', 'Uttar Pradesh'),
(1373, 'Reoti', 'Uttar Pradesh'),
(1374, 'Robertsganj', 'Uttar Pradesh'),
(1375, 'Rudauli', 'Uttar Pradesh'),
(1376, 'Rudrapur', 'Uttar Pradesh'),
(1377, 'Sadabad', 'Uttar Pradesh'),
(1378, 'Safipur', 'Uttar Pradesh'),
(1379, 'Saharanpur', 'Uttar Pradesh'),
(1380, 'Sahaspur', 'Uttar Pradesh'),
(1381, 'Sahaswan', 'Uttar Pradesh'),
(1382, 'Sahawar', 'Uttar Pradesh'),
(1383, 'Sahjanwa', 'Uttar Pradesh'),
(1384, 'Saidpur', ' Ghazipur'),
(1385, 'Sambhal', 'Uttar Pradesh'),
(1386, 'Samdhan', 'Uttar Pradesh'),
(1387, 'Samthar', 'Uttar Pradesh'),
(1388, 'Sandi', 'Uttar Pradesh'),
(1389, 'Sandila', 'Uttar Pradesh'),
(1390, 'Sardhana', 'Uttar Pradesh'),
(1391, 'Seohara', 'Uttar Pradesh'),
(1392, 'Shahabad', ' Hardoi'),
(1393, 'Shahabad', ' Rampur'),
(1394, 'Shahganj', 'Uttar Pradesh'),
(1395, 'Shahjahanpur', 'Uttar Pradesh'),
(1396, 'Shamli', 'Uttar Pradesh'),
(1397, 'Shamsabad', ' Agra'),
(1398, 'Shamsabad', ' Farrukhabad'),
(1399, 'Sherkot', 'Uttar Pradesh'),
(1400, 'Shikarpur', ' Bulandshahr'),
(1401, 'Shikohabad', 'Uttar Pradesh'),
(1402, 'Shishgarh', 'Uttar Pradesh'),
(1403, 'Siana', 'Uttar Pradesh'),
(1404, 'Sikanderpur', 'Uttar Pradesh'),
(1405, 'Sikandra Rao', 'Uttar Pradesh'),
(1406, 'Sikandrabad', 'Uttar Pradesh'),
(1407, 'Sirsaganj', 'Uttar Pradesh'),
(1408, 'Sirsi', 'Uttar Pradesh'),
(1409, 'Sitapur', 'Uttar Pradesh'),
(1410, 'Soron', 'Uttar Pradesh'),
(1411, 'Suar', 'Uttar Pradesh'),
(1412, 'Sultanpur', 'Uttar Pradesh'),
(1413, 'Sumerpur', 'Uttar Pradesh'),
(1414, 'Tanda', 'Uttar Pradesh'),
(1415, 'Tanda', 'Uttar Pradesh'),
(1416, 'Tetri Bazar', 'Uttar Pradesh'),
(1417, 'Thakurdwara', 'Uttar Pradesh'),
(1418, 'Thana Bhawan', 'Uttar Pradesh'),
(1419, 'Tilhar', 'Uttar Pradesh'),
(1420, 'Tirwaganj', 'Uttar Pradesh'),
(1421, 'Tulsipur', 'Uttar Pradesh'),
(1422, 'Tundla', 'Uttar Pradesh'),
(1423, 'Unnao', 'Uttar Pradesh'),
(1424, 'Utraula', 'Uttar Pradesh'),
(1425, 'Varanasi', 'Uttar Pradesh'),
(1426, 'Vrindavan', 'Uttar Pradesh'),
(1427, 'Warhapur', 'Uttar Pradesh'),
(1428, 'Zaidpur', 'Uttar Pradesh'),
(1429, 'Zamania', 'Uttar Pradesh'),
(1430, 'Almora', 'Uttarakhand'),
(1431, 'Bazpur', 'Uttarakhand'),
(1432, 'Chamba', 'Uttarakhand'),
(1433, 'Dehradun', 'Uttarakhand'),
(1434, 'Haldwani', 'Uttarakhand'),
(1435, 'Haridwar', 'Uttarakhand'),
(1436, 'Jaspur', 'Uttarakhand'),
(1437, 'Kashipur', 'Uttarakhand'),
(1438, 'kichha', 'Uttarakhand'),
(1439, 'Kotdwara', 'Uttarakhand'),
(1440, 'Manglaur', 'Uttarakhand'),
(1441, 'Mussoorie', 'Uttarakhand'),
(1442, 'Nagla', 'Uttarakhand'),
(1443, 'Nainital', 'Uttarakhand'),
(1444, 'Pauri', 'Uttarakhand'),
(1445, 'Pithoragarh', 'Uttarakhand'),
(1446, 'Ramnagar', 'Uttarakhand'),
(1447, 'Rishikesh', 'Uttarakhand'),
(1448, 'Roorkee', 'Uttarakhand'),
(1449, 'Rudrapur', 'Uttarakhand'),
(1450, 'Sitarganj', 'Uttarakhand'),
(1451, 'Tehri', 'Uttarakhand'),
(1452, 'Muzaffarnagar', 'Uttar Pradesh'),
(1453, 'Adra', ' Purulia'),
(1454, 'Alipurduar', 'West Bengal'),
(1455, 'Arambagh', 'West Bengal'),
(1456, 'Asansol', 'West Bengal'),
(1457, 'Baharampur', 'West Bengal'),
(1458, 'Bally', 'West Bengal'),
(1459, 'Balurghat', 'West Bengal'),
(1460, 'Bankura', 'West Bengal'),
(1461, 'Barakar', 'West Bengal'),
(1462, 'Barasat', 'West Bengal'),
(1463, 'Bardhaman', 'West Bengal'),
(1464, 'Bidhan Nagar', 'West Bengal'),
(1465, 'Chinsura', 'West Bengal'),
(1466, 'Contai', 'West Bengal'),
(1467, 'Cooch Behar', 'West Bengal'),
(1468, 'Darjeeling', 'West Bengal'),
(1469, 'Durgapur', 'West Bengal'),
(1470, 'Haldia', 'West Bengal'),
(1471, 'Howrah', 'West Bengal'),
(1472, 'Islampur', 'West Bengal'),
(1473, 'Jhargram', 'West Bengal'),
(1474, 'Kharagpur', 'West Bengal'),
(1475, 'Kolkata', 'West Bengal'),
(1476, 'Mainaguri', 'West Bengal'),
(1477, 'Mal', 'West Bengal'),
(1478, 'Mathabhanga', 'West Bengal'),
(1479, 'Medinipur', 'West Bengal'),
(1480, 'Memari', 'West Bengal'),
(1481, 'Monoharpur', 'West Bengal'),
(1482, 'Murshidabad', 'West Bengal'),
(1483, 'Nabadwip', 'West Bengal'),
(1484, 'Naihati', 'West Bengal'),
(1485, 'Panchla', 'West Bengal'),
(1486, 'Pandua', 'West Bengal'),
(1487, 'Paschim Punropara', 'West Bengal'),
(1488, 'Purulia', 'West Bengal'),
(1489, 'Raghunathpur', 'West Bengal'),
(1490, 'Raiganj', 'West Bengal'),
(1491, 'Rampurhat', 'West Bengal'),
(1492, 'Ranaghat', 'West Bengal'),
(1493, 'Sainthia', 'West Bengal'),
(1494, 'Santipur', 'West Bengal'),
(1495, 'Siliguri', 'West Bengal'),
(1496, 'Sonamukhi', 'West Bengal'),
(1497, 'Srirampore', 'West Bengal'),
(1498, 'Suri', 'West Bengal'),
(1499, 'Taki', 'West Bengal'),
(1500, 'Tamluk', 'West Bengal'),
(1501, 'Tarakeswar', 'West Bengal'),
(1502, 'Chikmagalur', 'Karnataka'),
(1503, 'Davanagere', 'Karnataka'),
(1504, 'Dharwad', 'Karnataka'),
(1505, 'Gadag', 'Karnataka'),
(1506, 'Chennai', 'Tamil Nadu'),
(1507, 'Coimbatore', 'Tamil Nadu');

-- --------------------------------------------------------

--
-- Table structure for table `class-teacher`
--

CREATE TABLE `class-teacher` (
  `id` int(11) NOT NULL,
  `branch_id` int(11) NOT NULL,
  `standard_id` int(11) NOT NULL,
  `section_id` int(11) NOT NULL,
  `teacher_id` int(11) NOT NULL,
  `created_at` timestamp NOT NULL DEFAULT CURRENT_TIMESTAMP
) ENGINE=MyISAM DEFAULT CHARSET=latin1;

--
-- Dumping data for table `class-teacher`
--

INSERT INTO `class-teacher` (`id`, `branch_id`, `standard_id`, `section_id`, `teacher_id`, `created_at`) VALUES
(1, 0, 1, 1, 3, '2019-04-21 17:12:01'),
(2, 0, 1, 2, 2, '2019-04-21 17:12:01'),
(3, 0, 1, 1, 3, '2019-04-21 17:12:01'),
(4, 0, 7, 2, 1, '2019-04-21 17:12:01'),
(5, 1, 1, 1, 3, '2019-04-24 23:40:06');

-- --------------------------------------------------------

--
-- Table structure for table `evaluator`
--

CREATE TABLE `evaluator` (
  `id` int(11) NOT NULL,
  `exam_id` int(11) DEFAULT NULL,
  `parameter` text NOT NULL,
  `subject` text NOT NULL,
  `standard_id` int(11) DEFAULT NULL,
  `section_id` int(11) DEFAULT NULL,
  `exam_type` text,
  `subject_id` int(11) DEFAULT NULL,
  `weightage` int(11) NOT NULL,
  `is_grade` tinyint(1) NOT NULL,
  `grade` varchar(4) DEFAULT NULL
) ENGINE=MyISAM DEFAULT CHARSET=latin1;

--
-- Dumping data for table `evaluator`
--

INSERT INTO `evaluator` (`id`, `exam_id`, `parameter`, `subject`, `standard_id`, `section_id`, `exam_type`, `subject_id`, `weightage`, `is_grade`, `grade`) VALUES
(3, NULL, 'Class Test', '', 0, 0, 'Quaterly', NULL, 20, 0, ''),
(4, NULL, 'Notebook', '', 0, 0, 'Quaterly', NULL, 5, 0, ''),
(7, NULL, 'Half Yearly', '', 0, 0, 'Quaterly', NULL, 50, 0, NULL),
(8, NULL, 'Half Yearly', '', 0, 0, 'Quaterly', NULL, 50, 0, NULL),
(9, NULL, 'Half Yearly', '', 0, 0, 'Annualy Yearly', NULL, 100, 0, NULL),
(10, NULL, 'Half Yearly', 'LITERATURE,PHYSICS', NULL, NULL, 'Quaterly', NULL, 50, 0, NULL),
(11, NULL, 'NoteBook', 'LITERATURE,PHYSICS', NULL, NULL, 'Quaterly', NULL, 50, 0, NULL),
(12, NULL, 'Test', 'LITERATURE,PHYSICS', NULL, NULL, 'Quaterly', NULL, 0, 1, NULL),
(13, NULL, 'NoteBook', 'LITERATURE,PHYSICS', NULL, NULL, 'Quaterly', NULL, 25, 0, NULL),
(14, NULL, 'Half Yearly', 'LITERATURE,PHYSICS', NULL, NULL, 'Quaterly', NULL, 75, 0, NULL),
(15, NULL, 'Hand Writing', 'English', NULL, NULL, '1', NULL, 0, 0, NULL);

-- --------------------------------------------------------

--
-- Table structure for table `exam`
--

CREATE TABLE `exam` (
  `id` int(11) NOT NULL,
  `subject_id` int(11) NOT NULL,
  `description` text NOT NULL,
  `branch` int(11) NOT NULL,
  `date` datetime NOT NULL
) ENGINE=MyISAM DEFAULT CHARSET=latin1;

-- --------------------------------------------------------

--
-- Table structure for table `exam_meta`
--

CREATE TABLE `exam_meta` (
  `id` int(11) NOT NULL,
  `branch_id` int(11) NOT NULL,
  `name` text NOT NULL,
  `weightage` int(11) NOT NULL
) ENGINE=InnoDB DEFAULT CHARSET=latin1;

--
-- Dumping data for table `exam_meta`
--

INSERT INTO `exam_meta` (`id`, `branch_id`, `name`, `weightage`) VALUES
(1, 1, 'PT1', 50);

-- --------------------------------------------------------

--
-- Table structure for table `marks`
--

CREATE TABLE `marks` (
  `id` int(11) NOT NULL,
  `student_id` int(11) NOT NULL,
  `is_grade` tinyint(1) NOT NULL,
  `grade_obtained` varchar(3) NOT NULL,
  `marks_obtained` int(11) NOT NULL,
  `evaluator_id` int(11) NOT NULL
) ENGINE=MyISAM DEFAULT CHARSET=latin1;

-- --------------------------------------------------------

--
-- Table structure for table `principal`
--

CREATE TABLE `principal` (
  `id` int(11) NOT NULL,
  `allotted_id` varchar(25) NOT NULL,
  `branch_id` int(11) NOT NULL,
  `first_name` text NOT NULL,
  `last_name` text NOT NULL,
  `email` varchar(30) NOT NULL,
  `contact` varchar(20) NOT NULL
) ENGINE=MyISAM DEFAULT CHARSET=latin1;

--
-- Dumping data for table `principal`
--

INSERT INTO `principal` (`id`, `allotted_id`, `branch_id`, `first_name`, `last_name`, `email`, `contact`) VALUES
(1, 'PRN101', 2, 'Test ', 'Principal', 'dev.prateek.asthana@gmail.com', '2147483647'),
(2, 'PRN102', 1, 'Test', 'Principal 2', 'testprin102@yopmail.com', '2147483647'),
(3, 'prin001', 1, 'test', 'Principal', 'mirzaomerb@gmail.com', '2147483647'),
(4, 'Prin001', 6, 'Saumya ', 'Mitra', 'omer@keyhubtech.com', '123456789'),
(5, 'Prin001', 6, 'Saumya ', 'Mitra', 'omer@keyhubtech.com', '123456789'),
(6, 'MPS101', 6, 'Test', 'Principal', 'mpsprincipal@yopmail.com', '2147483647'),
(7, 'prin001', 6, 'Test', 'Tester', 'abc@efgh.com', '123456789'),
(8, '102', 6, 'MPS Test', 'Principal 02', 'mpstestprincipal02@yopmail.com', '89658745'),
(9, 'princy002', 6, 'prince ', 'test', '123@456.com', '0987654'),
(10, 'Prin00001', 3, 'Test Pricipal', 'Tester 01', '123@456.com', '8809670572'),
(12, '10071991', 1, 'Anil', 'Kumar', 'anil.kumar@hachiweb.com', '9632145678'),
(13, '0000020102030', 1, 'Vipin', 'kumar', 'anil.kumar1@hachiweb.com', '8809670572'),
(14, '0000020102030', 1, 'Vipin', 'kumar', 'anil.kumar5@hachiweb.com', '8809670572'),
(15, '0000020102030', 1, 'Vipin', 'kumar', 'anil.kumar7@hachiweb.com', '8809670572');

-- --------------------------------------------------------

--
-- Table structure for table `region`
--

CREATE TABLE `region` (
  `city_id` int(11) NOT NULL,
  `city_name` varchar(100) NOT NULL,
  `city_state` varchar(100) NOT NULL
) ENGINE=InnoDB DEFAULT CHARSET=latin1;

--
-- Dumping data for table `region`
--

INSERT INTO `region` (`city_id`, `city_name`, `city_state`) VALUES
(1, 'Kolhapur', 'Maharashtra'),
(2, 'Port Blair', 'Andaman & Nicobar Islands'),
(3, 'Adilabad', 'Andhra Pradesh'),
(4, 'Adoni', 'Andhra Pradesh'),
(5, 'Amadalavalasa', 'Andhra Pradesh'),
(6, 'Amalapuram', 'Andhra Pradesh'),
(7, 'Anakapalle', 'Andhra Pradesh'),
(8, 'Anantapur', 'Andhra Pradesh'),
(9, 'Badepalle', 'Andhra Pradesh'),
(10, 'Banganapalle', 'Andhra Pradesh'),
(11, 'Bapatla', 'Andhra Pradesh'),
(12, 'Bellampalle', 'Andhra Pradesh'),
(13, 'Bethamcherla', 'Andhra Pradesh'),
(14, 'Bhadrachalam', 'Andhra Pradesh'),
(15, 'Bhainsa', 'Andhra Pradesh'),
(16, 'Bheemunipatnam', 'Andhra Pradesh'),
(17, 'Bhimavaram', 'Andhra Pradesh'),
(18, 'Bhongir', 'Andhra Pradesh'),
(19, 'Bobbili', 'Andhra Pradesh'),
(20, 'Bodhan', 'Andhra Pradesh'),
(21, 'Chilakaluripet', 'Andhra Pradesh'),
(22, 'Chirala', 'Andhra Pradesh'),
(23, 'Chittoor', 'Andhra Pradesh'),
(24, 'Cuddapah', 'Andhra Pradesh'),
(25, 'Devarakonda', 'Andhra Pradesh'),
(26, 'Dharmavaram', 'Andhra Pradesh'),
(27, 'Eluru', 'Andhra Pradesh'),
(28, 'Farooqnagar', 'Andhra Pradesh'),
(29, 'Gadwal', 'Andhra Pradesh'),
(30, 'Gooty', 'Andhra Pradesh'),
(31, 'Gudivada', 'Andhra Pradesh'),
(32, 'Gudur', 'Andhra Pradesh'),
(33, 'Guntakal', 'Andhra Pradesh'),
(34, 'Guntur', 'Andhra Pradesh'),
(35, 'Hanuman Junction', 'Andhra Pradesh'),
(36, 'Hindupur', 'Andhra Pradesh'),
(37, 'Hyderabad', 'Andhra Pradesh'),
(38, 'Ichchapuram', 'Andhra Pradesh'),
(39, 'Jaggaiahpet', 'Andhra Pradesh'),
(40, 'Jagtial', 'Andhra Pradesh'),
(41, 'Jammalamadugu', 'Andhra Pradesh'),
(42, 'Jangaon', 'Andhra Pradesh'),
(43, 'Kadapa', 'Andhra Pradesh'),
(44, 'Kadiri', 'Andhra Pradesh'),
(45, 'Kagaznagar', 'Andhra Pradesh'),
(46, 'Kakinada', 'Andhra Pradesh'),
(47, 'Kalyandurg', 'Andhra Pradesh'),
(48, 'Kamareddy', 'Andhra Pradesh'),
(49, 'Kandukur', 'Andhra Pradesh'),
(50, 'Karimnagar', 'Andhra Pradesh'),
(51, 'Kavali', 'Andhra Pradesh'),
(52, 'Khammam', 'Andhra Pradesh'),
(53, 'Koratla', 'Andhra Pradesh'),
(54, 'Kothagudem', 'Andhra Pradesh'),
(55, 'Kothapeta', 'Andhra Pradesh'),
(56, 'Kovvur', 'Andhra Pradesh'),
(57, 'Kurnool', 'Andhra Pradesh'),
(58, 'Kyathampalle', 'Andhra Pradesh'),
(59, 'Macherla', 'Andhra Pradesh'),
(60, 'Machilipatnam', 'Andhra Pradesh'),
(61, 'Madanapalle', 'Andhra Pradesh'),
(62, 'Mahbubnagar', 'Andhra Pradesh'),
(63, 'Mancherial', 'Andhra Pradesh'),
(64, 'Mandamarri', 'Andhra Pradesh'),
(65, 'Mandapeta', 'Andhra Pradesh'),
(66, 'Manuguru', 'Andhra Pradesh'),
(67, 'Markapur', 'Andhra Pradesh'),
(68, 'Medak', 'Andhra Pradesh'),
(69, 'Miryalaguda', 'Andhra Pradesh'),
(70, 'Mogalthur', 'Andhra Pradesh'),
(71, 'Nagari', 'Andhra Pradesh'),
(72, 'Nagarkurnool', 'Andhra Pradesh'),
(73, 'Nandyal', 'Andhra Pradesh'),
(74, 'Narasapur', 'Andhra Pradesh'),
(75, 'Narasaraopet', 'Andhra Pradesh'),
(76, 'Narayanpet', 'Andhra Pradesh'),
(77, 'Narsipatnam', 'Andhra Pradesh'),
(78, 'Nellore', 'Andhra Pradesh'),
(79, 'Nidadavole', 'Andhra Pradesh'),
(80, 'Nirmal', 'Andhra Pradesh'),
(81, 'Nizamabad', 'Andhra Pradesh'),
(82, 'Nuzvid', 'Andhra Pradesh'),
(83, 'Ongole', 'Andhra Pradesh'),
(84, 'Palacole', 'Andhra Pradesh'),
(85, 'Palasa Kasibugga', 'Andhra Pradesh'),
(86, 'Palwancha', 'Andhra Pradesh'),
(87, 'Parvathipuram', 'Andhra Pradesh'),
(88, 'Pedana', 'Andhra Pradesh'),
(89, 'Peddapuram', 'Andhra Pradesh'),
(90, 'Pithapuram', 'Andhra Pradesh'),
(91, 'Pondur', 'Andhra pradesh'),
(92, 'Ponnur', 'Andhra Pradesh'),
(93, 'Proddatur', 'Andhra Pradesh'),
(94, 'Punganur', 'Andhra Pradesh'),
(95, 'Puttur', 'Andhra Pradesh'),
(96, 'Rajahmundry', 'Andhra Pradesh'),
(97, 'Rajam', 'Andhra Pradesh'),
(98, 'Ramachandrapuram', 'Andhra Pradesh'),
(99, 'Ramagundam', 'Andhra Pradesh'),
(100, 'Rayachoti', 'Andhra Pradesh'),
(101, 'Rayadurg', 'Andhra Pradesh'),
(102, 'Renigunta', 'Andhra Pradesh'),
(103, 'Repalle', 'Andhra Pradesh'),
(104, 'Sadasivpet', 'Andhra Pradesh'),
(105, 'Salur', 'Andhra Pradesh'),
(106, 'Samalkot', 'Andhra Pradesh'),
(107, 'Sangareddy', 'Andhra Pradesh'),
(108, 'Sattenapalle', 'Andhra Pradesh'),
(109, 'Siddipet', 'Andhra Pradesh'),
(110, 'Singapur', 'Andhra Pradesh'),
(111, 'Sircilla', 'Andhra Pradesh'),
(112, 'Srikakulam', 'Andhra Pradesh'),
(113, 'Srikalahasti', 'Andhra Pradesh'),
(115, 'Suryapet', 'Andhra Pradesh'),
(116, 'Tadepalligudem', 'Andhra Pradesh'),
(117, 'Tadpatri', 'Andhra Pradesh'),
(118, 'Tandur', 'Andhra Pradesh'),
(119, 'Tanuku', 'Andhra Pradesh'),
(120, 'Tenali', 'Andhra Pradesh'),
(121, 'Tirupati', 'Andhra Pradesh'),
(122, 'Tuni', 'Andhra Pradesh'),
(123, 'Uravakonda', 'Andhra Pradesh'),
(124, 'Venkatagiri', 'Andhra Pradesh'),
(125, 'Vicarabad', 'Andhra Pradesh'),
(126, 'Vijayawada', 'Andhra Pradesh'),
(127, 'Vinukonda', 'Andhra Pradesh'),
(128, 'Visakhapatnam', 'Andhra Pradesh'),
(129, 'Vizianagaram', 'Andhra Pradesh'),
(130, 'Wanaparthy', 'Andhra Pradesh'),
(131, 'Warangal', 'Andhra Pradesh'),
(132, 'Yellandu', 'Andhra Pradesh'),
(133, 'Yemmiganur', 'Andhra Pradesh'),
(134, 'Yerraguntla', 'Andhra Pradesh'),
(135, 'Zahirabad', 'Andhra Pradesh'),
(136, 'Rajampet', 'Andhra Pradesh'),
(137, 'Along', 'Arunachal Pradesh'),
(138, 'Bomdila', 'Arunachal Pradesh'),
(139, 'Itanagar', 'Arunachal Pradesh'),
(140, 'Naharlagun', 'Arunachal Pradesh'),
(141, 'Pasighat', 'Arunachal Pradesh'),
(142, 'Abhayapuri', 'Assam'),
(143, 'Amguri', 'Assam'),
(144, 'Anandnagaar', 'Assam'),
(145, 'Barpeta', 'Assam'),
(146, 'Barpeta Road', 'Assam'),
(147, 'Bilasipara', 'Assam'),
(148, 'Bongaigaon', 'Assam'),
(149, 'Dhekiajuli', 'Assam'),
(150, 'Dhubri', 'Assam'),
(151, 'Dibrugarh', 'Assam'),
(152, 'Digboi', 'Assam'),
(153, 'Diphu', 'Assam'),
(154, 'Dispur', 'Assam'),
(156, 'Gauripur', 'Assam'),
(157, 'Goalpara', 'Assam'),
(158, 'Golaghat', 'Assam'),
(159, 'Guwahati', 'Assam'),
(160, 'Haflong', 'Assam'),
(161, 'Hailakandi', 'Assam'),
(162, 'Hojai', 'Assam'),
(163, 'Jorhat', 'Assam'),
(164, 'Karimganj', 'Assam'),
(165, 'Kokrajhar', 'Assam'),
(166, 'Lanka', 'Assam'),
(167, 'Lumding', 'Assam'),
(168, 'Mangaldoi', 'Assam'),
(169, 'Mankachar', 'Assam'),
(170, 'Margherita', 'Assam'),
(171, 'Mariani', 'Assam'),
(172, 'Marigaon', 'Assam'),
(173, 'Nagaon', 'Assam'),
(174, 'Nalbari', 'Assam'),
(175, 'North Lakhimpur', 'Assam'),
(176, 'Rangia', 'Assam'),
(177, 'Sibsagar', 'Assam'),
(178, 'Silapathar', 'Assam'),
(179, 'Silchar', 'Assam'),
(180, 'Tezpur', 'Assam'),
(181, 'Tinsukia', 'Assam'),
(182, 'Amarpur', 'Bihar'),
(183, 'Araria', 'Bihar'),
(184, 'Areraj', 'Bihar'),
(185, 'Arrah', 'Bihar'),
(186, 'Asarganj', 'Bihar'),
(187, 'Aurangabad', 'Bihar'),
(188, 'Bagaha', 'Bihar'),
(189, 'Bahadurganj', 'Bihar'),
(190, 'Bairgania', 'Bihar'),
(191, 'Bakhtiarpur', 'Bihar'),
(192, 'Banka', 'Bihar'),
(193, 'Banmankhi Bazar', 'Bihar'),
(194, 'Barahiya', 'Bihar'),
(195, 'Barauli', 'Bihar'),
(196, 'Barbigha', 'Bihar'),
(197, 'Barh', 'Bihar'),
(198, 'Begusarai', 'Bihar'),
(199, 'Behea', 'Bihar'),
(200, 'Bettiah', 'Bihar'),
(201, 'Bhabua', 'Bihar'),
(202, 'Bhagalpur', 'Bihar'),
(203, 'Bihar Sharif', 'Bihar'),
(204, 'Bikramganj', 'Bihar'),
(205, 'Bodh Gaya', 'Bihar'),
(206, 'Buxar', 'Bihar'),
(207, 'Chandan Bara', 'Bihar'),
(208, 'Chanpatia', 'Bihar'),
(209, 'Chhapra', 'Bihar'),
(210, 'Colgong', 'Bihar'),
(211, 'Dalsinghsarai', 'Bihar'),
(212, 'Darbhanga', 'Bihar'),
(213, 'Daudnagar', 'Bihar'),
(214, 'Dehri-on-Sone', 'Bihar'),
(215, 'Dhaka', 'Bihar'),
(216, 'Dighwara', 'Bihar'),
(217, 'Dumraon', 'Bihar'),
(218, 'Fatwah', 'Bihar'),
(219, 'Forbesganj', 'Bihar'),
(220, 'Gaya', 'Bihar'),
(221, 'Gogri Jamalpur', 'Bihar'),
(222, 'Gopalganj', 'Bihar'),
(223, 'Hajipur', 'Bihar'),
(224, 'Hilsa', 'Bihar'),
(225, 'Hisua', 'Bihar'),
(226, 'Islampur', 'Bihar'),
(227, 'Jagdispur', 'Bihar'),
(228, 'Jamalpur', 'Bihar'),
(229, 'Jamui', 'Bihar'),
(230, 'Jehanabad', 'Bihar'),
(231, 'Jhajha', 'Bihar'),
(232, 'Jhanjharpur', 'Bihar'),
(233, 'Jogabani', 'Bihar'),
(234, 'Kanti', 'Bihar'),
(235, 'Katihar', 'Bihar'),
(236, 'Khagaria', 'Bihar'),
(237, 'Kharagpur', 'Bihar'),
(238, 'Kishanganj', 'Bihar'),
(239, 'Lakhisarai', 'Bihar'),
(240, 'Lalganj', 'Bihar'),
(241, 'Madhepura', 'Bihar'),
(242, 'Madhubani', 'Bihar'),
(243, 'Maharajganj', 'Bihar'),
(244, 'Mahnar Bazar', 'Bihar'),
(245, 'Makhdumpur', 'Bihar'),
(246, 'Maner', 'Bihar'),
(247, 'Manihari', 'Bihar'),
(248, 'Marhaura', 'Bihar'),
(249, 'Masaurhi', 'Bihar'),
(250, 'Mirganj', 'Bihar'),
(251, 'Mokameh', 'Bihar'),
(252, 'Motihari', 'Bihar'),
(253, 'Motipur', 'Bihar'),
(254, 'Munger', 'Bihar'),
(255, 'Murliganj', 'Bihar'),
(256, 'Muzaffarpur', 'Bihar'),
(257, 'Narkatiaganj', 'Bihar'),
(258, 'Naugachhia', 'Bihar'),
(259, 'Nawada', 'Bihar'),
(260, 'Nokha', 'Bihar'),
(261, 'Patna', 'Bihar'),
(262, 'Piro', 'Bihar'),
(263, 'Purnia', 'Bihar'),
(264, 'Rafiganj', 'Bihar'),
(265, 'Rajgir', 'Bihar'),
(266, 'Ramnagar', 'Bihar'),
(267, 'Raxaul Bazar', 'Bihar'),
(268, 'Revelganj', 'Bihar'),
(269, 'Rosera', 'Bihar'),
(270, 'Saharsa', 'Bihar'),
(271, 'Samastipur', 'Bihar'),
(272, 'Sasaram', 'Bihar'),
(273, 'Sheikhpura', 'Bihar'),
(274, 'Sheohar', 'Bihar'),
(275, 'Sherghati', 'Bihar'),
(276, 'Silao', 'Bihar'),
(277, 'Sitamarhi', 'Bihar'),
(278, 'Siwan', 'Bihar'),
(279, 'Sonepur', 'Bihar'),
(280, 'Sugauli', 'Bihar'),
(281, 'Sultanganj', 'Bihar'),
(282, 'Supaul', 'Bihar'),
(283, 'Warisaliganj', 'Bihar'),
(284, 'Ahiwara', 'Chhattisgarh'),
(285, 'Akaltara', 'Chhattisgarh'),
(286, 'Ambagarh Chowki', 'Chhattisgarh'),
(287, 'Ambikapur', 'Chhattisgarh'),
(288, 'Arang', 'Chhattisgarh'),
(289, 'Bade Bacheli', 'Chhattisgarh'),
(290, 'Balod', 'Chhattisgarh'),
(291, 'Baloda Bazar', 'Chhattisgarh'),
(292, 'Bemetra', 'Chhattisgarh'),
(293, 'Bhatapara', 'Chhattisgarh'),
(294, 'Bilaspur', 'Chhattisgarh'),
(295, 'Birgaon', 'Chhattisgarh'),
(296, 'Champa', 'Chhattisgarh'),
(297, 'Chirmiri', 'Chhattisgarh'),
(298, 'Dalli-Rajhara', 'Chhattisgarh'),
(299, 'Dhamtari', 'Chhattisgarh'),
(300, 'Dipka', 'Chhattisgarh'),
(301, 'Dongargarh', 'Chhattisgarh'),
(302, 'Durg-Bhilai Nagar', 'Chhattisgarh'),
(303, 'Gobranawapara', 'Chhattisgarh'),
(304, 'Jagdalpur', 'Chhattisgarh'),
(305, 'Janjgir', 'Chhattisgarh'),
(306, 'Jashpurnagar', 'Chhattisgarh'),
(307, 'Kanker', 'Chhattisgarh'),
(308, 'Kawardha', 'Chhattisgarh'),
(309, 'Kondagaon', 'Chhattisgarh'),
(310, 'Korba', 'Chhattisgarh'),
(311, 'Mahasamund', 'Chhattisgarh'),
(312, 'Mahendragarh', 'Chhattisgarh'),
(313, 'Mungeli', 'Chhattisgarh'),
(314, 'Naila Janjgir', 'Chhattisgarh'),
(315, 'Raigarh', 'Chhattisgarh'),
(316, 'Raipur', 'Chhattisgarh'),
(317, 'Rajnandgaon', 'Chhattisgarh'),
(318, 'Sakti', 'Chhattisgarh'),
(319, 'Tilda Newra', 'Chhattisgarh'),
(320, 'Amli', 'Dadra & Nagar Haveli'),
(321, 'Silvassa', 'Dadra & Nagar Haveli'),
(322, 'Daman and Diu', 'Daman & Diu'),
(323, 'Daman and Diu', 'Daman & Diu'),
(324, 'Asola', 'Delhi'),
(325, 'Delhi', 'Delhi'),
(326, 'Aldona', 'Goa'),
(327, 'Curchorem Cacora', 'Goa'),
(328, 'Madgaon', 'Goa'),
(329, 'Mapusa', 'Goa'),
(330, 'Margao', 'Goa'),
(331, 'Marmagao', 'Goa'),
(332, 'Panaji', 'Goa'),
(333, 'Ahmedabad', 'Gujarat'),
(334, 'Amreli', 'Gujarat'),
(335, 'Anand', 'Gujarat'),
(336, 'Ankleshwar', 'Gujarat'),
(337, 'Bharuch', 'Gujarat'),
(338, 'Bhavnagar', 'Gujarat'),
(339, 'Bhuj', 'Gujarat'),
(340, 'Cambay', 'Gujarat'),
(341, 'Dahod', 'Gujarat'),
(342, 'Deesa', 'Gujarat'),
(343, 'Dharampur', ' India'),
(344, 'Dholka', 'Gujarat'),
(345, 'Gandhinagar', 'Gujarat'),
(346, 'Godhra', 'Gujarat'),
(347, 'Himatnagar', 'Gujarat'),
(348, 'Idar', 'Gujarat'),
(349, 'Jamnagar', 'Gujarat'),
(350, 'Junagadh', 'Gujarat'),
(351, 'Kadi', 'Gujarat'),
(352, 'Kalavad', 'Gujarat'),
(353, 'Kalol', 'Gujarat'),
(354, 'Kapadvanj', 'Gujarat'),
(355, 'Karjan', 'Gujarat'),
(356, 'Keshod', 'Gujarat'),
(357, 'Khambhalia', 'Gujarat'),
(358, 'Khambhat', 'Gujarat'),
(359, 'Kheda', 'Gujarat'),
(360, 'Khedbrahma', 'Gujarat'),
(361, 'Kheralu', 'Gujarat'),
(362, 'Kodinar', 'Gujarat'),
(363, 'Lathi', 'Gujarat'),
(364, 'Limbdi', 'Gujarat'),
(365, 'Lunawada', 'Gujarat'),
(366, 'Mahesana', 'Gujarat'),
(367, 'Mahuva', 'Gujarat'),
(368, 'Manavadar', 'Gujarat'),
(369, 'Mandvi', 'Gujarat'),
(370, 'Mangrol', 'Gujarat'),
(371, 'Mansa', 'Gujarat'),
(372, 'Mehmedabad', 'Gujarat'),
(373, 'Modasa', 'Gujarat'),
(374, 'Morvi', 'Gujarat'),
(375, 'Nadiad', 'Gujarat'),
(376, 'Navsari', 'Gujarat'),
(377, 'Padra', 'Gujarat'),
(378, 'Palanpur', 'Gujarat'),
(379, 'Palitana', 'Gujarat'),
(380, 'Pardi', 'Gujarat'),
(381, 'Patan', 'Gujarat'),
(382, 'Petlad', 'Gujarat'),
(383, 'Porbandar', 'Gujarat'),
(384, 'Radhanpur', 'Gujarat'),
(385, 'Rajkot', 'Gujarat'),
(386, 'Rajpipla', 'Gujarat'),
(387, 'Rajula', 'Gujarat'),
(388, 'Ranavav', 'Gujarat'),
(389, 'Rapar', 'Gujarat'),
(390, 'Salaya', 'Gujarat'),
(391, 'Sanand', 'Gujarat'),
(392, 'Savarkundla', 'Gujarat'),
(393, 'Sidhpur', 'Gujarat'),
(394, 'Sihor', 'Gujarat'),
(395, 'Songadh', 'Gujarat'),
(396, 'Surat', 'Gujarat'),
(397, 'Talaja', 'Gujarat'),
(398, 'Thangadh', 'Gujarat'),
(399, 'Tharad', 'Gujarat'),
(400, 'Umbergaon', 'Gujarat'),
(401, 'Umreth', 'Gujarat'),
(402, 'Una', 'Gujarat'),
(403, 'Unjha', 'Gujarat'),
(404, 'Upleta', 'Gujarat'),
(405, 'Vadnagar', 'Gujarat'),
(406, 'Vadodara', 'Gujarat'),
(407, 'Valsad', 'Gujarat'),
(408, 'Vapi', 'Gujarat'),
(409, 'Vapi', 'Gujarat'),
(410, 'Veraval', 'Gujarat'),
(411, 'Vijapur', 'Gujarat'),
(412, 'Viramgam', 'Gujarat'),
(413, 'Visnagar', 'Gujarat'),
(414, 'Vyara', 'Gujarat'),
(415, 'Wadhwan', 'Gujarat'),
(416, 'Wankaner', 'Gujarat'),
(417, 'Adalaj', 'Gujrat'),
(418, 'Adityana', 'Gujrat'),
(419, 'Alang', 'Gujrat'),
(420, 'Ambaji', 'Gujrat'),
(421, 'Ambaliyasan', 'Gujrat'),
(422, 'Andada', 'Gujrat'),
(423, 'Anjar', 'Gujrat'),
(424, 'Anklav', 'Gujrat'),
(425, 'Antaliya', 'Gujrat'),
(426, 'Arambhada', 'Gujrat'),
(427, 'Atul', 'Gujrat'),
(428, 'Ballabhgarh', 'Hariyana'),
(429, 'Ambala', 'Haryana'),
(430, 'Ambala', 'Haryana'),
(431, 'Asankhurd', 'Haryana'),
(432, 'Assandh', 'Haryana'),
(433, 'Ateli', 'Haryana'),
(434, 'Babiyal', 'Haryana'),
(435, 'Bahadurgarh', 'Haryana'),
(436, 'Barwala', 'Haryana'),
(437, 'Bhiwani', 'Haryana'),
(438, 'Charkhi Dadri', 'Haryana'),
(439, 'Cheeka', 'Haryana'),
(440, 'Ellenabad 2', 'Haryana'),
(441, 'Faridabad', 'Haryana'),
(442, 'Fatehabad', 'Haryana'),
(443, 'Ganaur', 'Haryana'),
(444, 'Gharaunda', 'Haryana'),
(445, 'Gohana', 'Haryana'),
(446, 'Gurgaon', 'Haryana'),
(447, 'Haibat(Yamuna Nagar)', 'Haryana'),
(448, 'Hansi', 'Haryana'),
(449, 'Hisar', 'Haryana'),
(450, 'Hodal', 'Haryana'),
(451, 'Jhajjar', 'Haryana'),
(452, 'Jind', 'Haryana'),
(453, 'Kaithal', 'Haryana'),
(454, 'Kalan Wali', 'Haryana'),
(455, 'Kalka', 'Haryana'),
(456, 'Karnal', 'Haryana'),
(457, 'Ladwa', 'Haryana'),
(458, 'Mahendragarh', 'Haryana'),
(459, 'Mandi Dabwali', 'Haryana'),
(460, 'Narnaul', 'Haryana'),
(461, 'Narwana', 'Haryana'),
(462, 'Palwal', 'Haryana'),
(463, 'Panchkula', 'Haryana'),
(464, 'Panipat', 'Haryana'),
(465, 'Pehowa', 'Haryana'),
(466, 'Pinjore', 'Haryana'),
(467, 'Rania', 'Haryana'),
(468, 'Ratia', 'Haryana'),
(469, 'Rewari', 'Haryana'),
(470, 'Rohtak', 'Haryana'),
(471, 'Safidon', 'Haryana'),
(472, 'Samalkha', 'Haryana'),
(473, 'Shahbad', 'Haryana'),
(474, 'Sirsa', 'Haryana'),
(475, 'Sohna', 'Haryana'),
(476, 'Sonipat', 'Haryana'),
(477, 'Taraori', 'Haryana'),
(478, 'Thanesar', 'Haryana'),
(479, 'Tohana', 'Haryana'),
(480, 'Yamunanagar', 'Haryana'),
(481, 'Arki', 'Himachal Pradesh'),
(482, 'Baddi', 'Himachal Pradesh'),
(483, 'Bilaspur', 'Himachal Pradesh'),
(484, 'Chamba', 'Himachal Pradesh'),
(485, 'Dalhousie', 'Himachal Pradesh'),
(486, 'Dharamsala', 'Himachal Pradesh'),
(487, 'Hamirpur', 'Himachal Pradesh'),
(488, 'Mandi', 'Himachal Pradesh'),
(489, 'Nahan', 'Himachal Pradesh'),
(490, 'Shimla', 'Himachal Pradesh'),
(491, 'Solan', 'Himachal Pradesh'),
(492, 'Sundarnagar', 'Himachal Pradesh'),
(493, 'Jammu', 'Jammu & Kashmir'),
(494, 'Achabbal', 'Jammu & Kashmir'),
(495, 'Akhnoor', 'Jammu & Kashmir'),
(496, 'Anantnag', 'Jammu & Kashmir'),
(497, 'Arnia', 'Jammu & Kashmir'),
(498, 'Awantipora', 'Jammu & Kashmir'),
(499, 'Bandipore', 'Jammu & Kashmir'),
(500, 'Baramula', 'Jammu & Kashmir'),
(501, 'Kathua', 'Jammu & Kashmir'),
(502, 'Leh', 'Jammu & Kashmir'),
(503, 'Punch', 'Jammu & Kashmir'),
(504, 'Rajauri', 'Jammu & Kashmir'),
(505, 'Sopore', 'Jammu & Kashmir'),
(506, 'Srinagar', 'Jammu & Kashmir'),
(507, 'Udhampur', 'Jammu & Kashmir'),
(508, 'Amlabad', 'Jharkhand'),
(509, 'Ara', 'Jharkhand'),
(510, 'Barughutu', 'Jharkhand'),
(511, 'Bokaro Steel City', 'Jharkhand'),
(512, 'Chaibasa', 'Jharkhand'),
(513, 'Chakradharpur', 'Jharkhand'),
(514, 'Chandrapura', 'Jharkhand'),
(515, 'Chatra', 'Jharkhand'),
(516, 'Chirkunda', 'Jharkhand'),
(517, 'Churi', 'Jharkhand'),
(518, 'Daltonganj', 'Jharkhand'),
(519, 'Deoghar', 'Jharkhand'),
(520, 'Dhanbad', 'Jharkhand'),
(521, 'Dumka', 'Jharkhand'),
(522, 'Garhwa', 'Jharkhand'),
(523, 'Ghatshila', 'Jharkhand'),
(524, 'Giridih', 'Jharkhand'),
(525, 'Godda', 'Jharkhand'),
(526, 'Gomoh', 'Jharkhand'),
(527, 'Gumia', 'Jharkhand'),
(528, 'Gumla', 'Jharkhand'),
(529, 'Hazaribag', 'Jharkhand'),
(530, 'Hussainabad', 'Jharkhand'),
(531, 'Jamshedpur', 'Jharkhand'),
(532, 'Jamtara', 'Jharkhand'),
(533, 'Jhumri Tilaiya', 'Jharkhand'),
(534, 'Khunti', 'Jharkhand'),
(535, 'Lohardaga', 'Jharkhand'),
(536, 'Madhupur', 'Jharkhand'),
(537, 'Mihijam', 'Jharkhand'),
(538, 'Musabani', 'Jharkhand'),
(539, 'Pakaur', 'Jharkhand'),
(540, 'Patratu', 'Jharkhand'),
(541, 'Phusro', 'Jharkhand'),
(542, 'Ramngarh', 'Jharkhand'),
(543, 'Ranchi', 'Jharkhand'),
(544, 'Sahibganj', 'Jharkhand'),
(545, 'Saunda', 'Jharkhand'),
(546, 'Simdega', 'Jharkhand'),
(547, 'Tenu Dam-cum- Kathhara', 'Jharkhand'),
(548, 'Arasikere', 'Karnataka'),
(549, 'Bangalore', 'Karnataka'),
(550, 'Belgaum', 'Karnataka'),
(551, 'Bellary', 'Karnataka'),
(552, 'Chamrajnagar', 'Karnataka'),
(553, 'Chikkaballapur', 'Karnataka'),
(554, 'Chintamani', 'Karnataka'),
(555, 'Chitradurga', 'Karnataka'),
(556, 'Gulbarga', 'Karnataka'),
(557, 'Gundlupet', 'Karnataka'),
(558, 'Hassan', 'Karnataka'),
(559, 'Hospet', 'Karnataka'),
(560, 'Hubli', 'Karnataka'),
(561, 'Karkala', 'Karnataka'),
(562, 'Karwar', 'Karnataka'),
(563, 'Kolar', 'Karnataka'),
(564, 'Kota', 'Karnataka'),
(565, 'Lakshmeshwar', 'Karnataka'),
(566, 'Lingsugur', 'Karnataka'),
(567, 'Maddur', 'Karnataka'),
(568, 'Madhugiri', 'Karnataka'),
(569, 'Madikeri', 'Karnataka'),
(570, 'Magadi', 'Karnataka'),
(571, 'Mahalingpur', 'Karnataka'),
(572, 'Malavalli', 'Karnataka'),
(573, 'Malur', 'Karnataka'),
(574, 'Mandya', 'Karnataka'),
(575, 'Mangalore', 'Karnataka'),
(576, 'Manvi', 'Karnataka'),
(577, 'Mudalgi', 'Karnataka'),
(578, 'Mudbidri', 'Karnataka'),
(579, 'Muddebihal', 'Karnataka'),
(580, 'Mudhol', 'Karnataka'),
(581, 'Mulbagal', 'Karnataka'),
(582, 'Mundargi', 'Karnataka'),
(583, 'Mysore', 'Karnataka'),
(584, 'Nanjangud', 'Karnataka'),
(585, 'Pavagada', 'Karnataka'),
(586, 'Puttur', 'Karnataka'),
(587, 'Rabkavi Banhatti', 'Karnataka'),
(588, 'Raichur', 'Karnataka'),
(589, 'Ramanagaram', 'Karnataka'),
(590, 'Ramdurg', 'Karnataka'),
(591, 'Ranibennur', 'Karnataka'),
(592, 'Robertson Pet', 'Karnataka'),
(593, 'Ron', 'Karnataka'),
(594, 'Sadalgi', 'Karnataka'),
(595, 'Sagar', 'Karnataka'),
(596, 'Sakleshpur', 'Karnataka'),
(597, 'Sandur', 'Karnataka'),
(598, 'Sankeshwar', 'Karnataka'),
(599, 'Saundatti-Yellamma', 'Karnataka'),
(600, 'Savanur', 'Karnataka'),
(601, 'Sedam', 'Karnataka'),
(602, 'Shahabad', 'Karnataka'),
(603, 'Shahpur', 'Karnataka'),
(604, 'Shiggaon', 'Karnataka'),
(605, 'Shikapur', 'Karnataka'),
(606, 'Shimoga', 'Karnataka'),
(607, 'Shorapur', 'Karnataka'),
(608, 'Shrirangapattana', 'Karnataka'),
(609, 'Sidlaghatta', 'Karnataka'),
(610, 'Sindgi', 'Karnataka'),
(611, 'Sindhnur', 'Karnataka'),
(612, 'Sira', 'Karnataka'),
(613, 'Sirsi', 'Karnataka'),
(614, 'Siruguppa', 'Karnataka'),
(615, 'Srinivaspur', 'Karnataka'),
(616, 'Talikota', 'Karnataka'),
(617, 'Tarikere', 'Karnataka'),
(618, 'Tekkalakota', 'Karnataka'),
(619, 'Terdal', 'Karnataka'),
(620, 'Tiptur', 'Karnataka'),
(621, 'Tumkur', 'Karnataka'),
(622, 'Udupi', 'Karnataka'),
(623, 'Vijayapura', 'Karnataka'),
(624, 'Wadi', 'Karnataka'),
(625, 'Yadgir', 'Karnataka'),
(626, 'Adoor', 'Kerala'),
(627, 'Akathiyoor', 'Kerala'),
(628, 'Alappuzha', 'Kerala'),
(629, 'Ancharakandy', 'Kerala'),
(630, 'Aroor', 'Kerala'),
(631, 'Ashtamichira', 'Kerala'),
(632, 'Attingal', 'Kerala'),
(633, 'Avinissery', 'Kerala'),
(634, 'Chalakudy', 'Kerala'),
(635, 'Changanassery', 'Kerala'),
(636, 'Chendamangalam', 'Kerala'),
(637, 'Chengannur', 'Kerala'),
(638, 'Cherthala', 'Kerala'),
(639, 'Cheruthazham', 'Kerala'),
(640, 'Chittur-Thathamangalam', 'Kerala'),
(641, 'Chockli', 'Kerala'),
(642, 'Erattupetta', 'Kerala'),
(643, 'Guruvayoor', 'Kerala'),
(644, 'Irinjalakuda', 'Kerala'),
(645, 'Kadirur', 'Kerala'),
(646, 'Kalliasseri', 'Kerala'),
(647, 'Kalpetta', 'Kerala'),
(648, 'Kanhangad', 'Kerala'),
(649, 'Kanjikkuzhi', 'Kerala'),
(650, 'Kannur', 'Kerala'),
(651, 'Kasaragod', 'Kerala'),
(652, 'Kayamkulam', 'Kerala'),
(653, 'Kochi', 'Kerala'),
(654, 'Kodungallur', 'Kerala'),
(655, 'Kollam', 'Kerala'),
(656, 'Koothuparamba', 'Kerala'),
(657, 'Kothamangalam', 'Kerala'),
(658, 'Kottayam', 'Kerala'),
(659, 'Kozhikode', 'Kerala'),
(660, 'Kunnamkulam', 'Kerala'),
(661, 'Malappuram', 'Kerala'),
(662, 'Mattannur', 'Kerala'),
(663, 'Mavelikkara', 'Kerala'),
(664, 'Mavoor', 'Kerala'),
(665, 'Muvattupuzha', 'Kerala'),
(666, 'Nedumangad', 'Kerala'),
(667, 'Neyyattinkara', 'Kerala'),
(668, 'Ottappalam', 'Kerala'),
(669, 'Palai', 'Kerala'),
(670, 'Palakkad', 'Kerala'),
(671, 'Panniyannur', 'Kerala'),
(672, 'Pappinisseri', 'Kerala'),
(673, 'Paravoor', 'Kerala'),
(674, 'Pathanamthitta', 'Kerala'),
(675, 'Payyannur', 'Kerala'),
(676, 'Peringathur', 'Kerala'),
(677, 'Perinthalmanna', 'Kerala'),
(678, 'Perumbavoor', 'Kerala'),
(679, 'Ponnani', 'Kerala'),
(680, 'Punalur', 'Kerala'),
(681, 'Quilandy', 'Kerala'),
(682, 'Shoranur', 'Kerala'),
(683, 'Taliparamba', 'Kerala'),
(684, 'Thiruvalla', 'Kerala'),
(685, 'Thiruvananthapuram', 'Kerala'),
(686, 'Thodupuzha', 'Kerala'),
(687, 'Thrissur', 'Kerala'),
(688, 'Tirur', 'Kerala'),
(689, 'Vadakara', 'Kerala'),
(690, 'Vaikom', 'Kerala'),
(691, 'Varkala', 'Kerala'),
(692, 'Kavaratti', 'Lakshadweep'),
(693, 'Ashok Nagar', 'Madhya Pradesh'),
(694, 'Balaghat', 'Madhya Pradesh'),
(695, 'Betul', 'Madhya Pradesh'),
(696, 'Bhopal', 'Madhya Pradesh'),
(697, 'Burhanpur', 'Madhya Pradesh'),
(698, 'Chhatarpur', 'Madhya Pradesh'),
(699, 'Dabra', 'Madhya Pradesh'),
(700, 'Datia', 'Madhya Pradesh'),
(701, 'Dewas', 'Madhya Pradesh'),
(702, 'Dhar', 'Madhya Pradesh'),
(703, 'Fatehabad', 'Madhya Pradesh'),
(704, 'Gwalior', 'Madhya Pradesh'),
(705, 'Indore', 'Madhya Pradesh'),
(706, 'Itarsi', 'Madhya Pradesh'),
(707, 'Jabalpur', 'Madhya Pradesh'),
(708, 'Katni', 'Madhya Pradesh'),
(709, 'Kotma', 'Madhya Pradesh'),
(710, 'Lahar', 'Madhya Pradesh'),
(711, 'Lundi', 'Madhya Pradesh'),
(712, 'Maharajpur', 'Madhya Pradesh'),
(713, 'Mahidpur', 'Madhya Pradesh'),
(714, 'Maihar', 'Madhya Pradesh'),
(715, 'Malajkhand', 'Madhya Pradesh'),
(716, 'Manasa', 'Madhya Pradesh'),
(717, 'Manawar', 'Madhya Pradesh'),
(718, 'Mandideep', 'Madhya Pradesh'),
(719, 'Mandla', 'Madhya Pradesh'),
(720, 'Mandsaur', 'Madhya Pradesh'),
(721, 'Mauganj', 'Madhya Pradesh'),
(722, 'Mhow Cantonment', 'Madhya Pradesh'),
(723, 'Mhowgaon', 'Madhya Pradesh'),
(724, 'Morena', 'Madhya Pradesh'),
(725, 'Multai', 'Madhya Pradesh'),
(726, 'Murwara', 'Madhya Pradesh'),
(727, 'Nagda', 'Madhya Pradesh'),
(728, 'Nainpur', 'Madhya Pradesh'),
(729, 'Narsinghgarh', 'Madhya Pradesh'),
(730, 'Narsinghgarh', 'Madhya Pradesh'),
(731, 'Neemuch', 'Madhya Pradesh'),
(732, 'Nepanagar', 'Madhya Pradesh'),
(733, 'Niwari', 'Madhya Pradesh'),
(734, 'Nowgong', 'Madhya Pradesh'),
(735, 'Nowrozabad', 'Madhya Pradesh'),
(736, 'Pachore', 'Madhya Pradesh'),
(737, 'Pali', 'Madhya Pradesh'),
(738, 'Panagar', 'Madhya Pradesh'),
(739, 'Pandhurna', 'Madhya Pradesh'),
(740, 'Panna', 'Madhya Pradesh'),
(741, 'Pasan', 'Madhya Pradesh'),
(742, 'Pipariya', 'Madhya Pradesh'),
(743, 'Pithampur', 'Madhya Pradesh'),
(744, 'Porsa', 'Madhya Pradesh'),
(745, 'Prithvipur', 'Madhya Pradesh'),
(746, 'Raghogarh-Vijaypur', 'Madhya Pradesh'),
(747, 'Rahatgarh', 'Madhya Pradesh'),
(748, 'Raisen', 'Madhya Pradesh'),
(749, 'Rajgarh', 'Madhya Pradesh'),
(750, 'Ratlam', 'Madhya Pradesh'),
(751, 'Rau', 'Madhya Pradesh'),
(752, 'Rehli', 'Madhya Pradesh'),
(753, 'Rewa', 'Madhya Pradesh'),
(754, 'Sabalgarh', 'Madhya Pradesh'),
(755, 'Sagar', 'Madhya Pradesh'),
(756, 'Sanawad', 'Madhya Pradesh'),
(757, 'Sarangpur', 'Madhya Pradesh'),
(758, 'Sarni', 'Madhya Pradesh'),
(759, 'Satna', 'Madhya Pradesh'),
(760, 'Sausar', 'Madhya Pradesh'),
(761, 'Sehore', 'Madhya Pradesh'),
(762, 'Sendhwa', 'Madhya Pradesh'),
(763, 'Seoni', 'Madhya Pradesh'),
(764, 'Seoni-Malwa', 'Madhya Pradesh'),
(765, 'Shahdol', 'Madhya Pradesh'),
(766, 'Shajapur', 'Madhya Pradesh'),
(767, 'Shamgarh', 'Madhya Pradesh'),
(768, 'Sheopur', 'Madhya Pradesh'),
(769, 'Shivpuri', 'Madhya Pradesh'),
(770, 'Shujalpur', 'Madhya Pradesh'),
(771, 'Sidhi', 'Madhya Pradesh'),
(772, 'Sihora', 'Madhya Pradesh'),
(773, 'Singrauli', 'Madhya Pradesh'),
(774, 'Sironj', 'Madhya Pradesh'),
(775, 'Sohagpur', 'Madhya Pradesh'),
(776, 'Tarana', 'Madhya Pradesh'),
(777, 'Tikamgarh', 'Madhya Pradesh'),
(778, 'Ujhani', 'Madhya Pradesh'),
(779, 'Ujjain', 'Madhya Pradesh'),
(780, 'Umaria', 'Madhya Pradesh'),
(781, 'Vidisha', 'Madhya Pradesh'),
(782, 'Wara Seoni', 'Madhya Pradesh'),
(783, 'Ahmednagar', 'Maharashtra'),
(784, 'Akola', 'Maharashtra'),
(785, 'Amravati', 'Maharashtra'),
(786, 'Aurangabad', 'Maharashtra'),
(787, 'Baramati', 'Maharashtra'),
(788, 'Chalisgaon', 'Maharashtra'),
(789, 'Chinchani', 'Maharashtra'),
(790, 'Devgarh', 'Maharashtra'),
(791, 'Dhule', 'Maharashtra'),
(792, 'Dombivli', 'Maharashtra'),
(793, 'Durgapur', 'Maharashtra'),
(794, 'Ichalkaranji', 'Maharashtra'),
(795, 'Jalna', 'Maharashtra'),
(796, 'Kalyan', 'Maharashtra'),
(797, 'Latur', 'Maharashtra'),
(798, 'Loha', 'Maharashtra'),
(799, 'Lonar', 'Maharashtra'),
(800, 'Lonavla', 'Maharashtra'),
(801, 'Mahad', 'Maharashtra'),
(802, 'Mahuli', 'Maharashtra'),
(803, 'Malegaon', 'Maharashtra'),
(804, 'Malkapur', 'Maharashtra'),
(805, 'Manchar', 'Maharashtra'),
(806, 'Mangalvedhe', 'Maharashtra'),
(807, 'Mangrulpir', 'Maharashtra'),
(808, 'Manjlegaon', 'Maharashtra'),
(809, 'Manmad', 'Maharashtra'),
(810, 'Manwath', 'Maharashtra'),
(811, 'Mehkar', 'Maharashtra'),
(812, 'Mhaswad', 'Maharashtra'),
(813, 'Miraj', 'Maharashtra'),
(814, 'Morshi', 'Maharashtra'),
(815, 'Mukhed', 'Maharashtra'),
(816, 'Mul', 'Maharashtra'),
(817, 'Mumbai', 'Maharashtra'),
(818, 'Murtijapur', 'Maharashtra'),
(819, 'Nagpur', 'Maharashtra'),
(820, 'Nalasopara', 'Maharashtra'),
(821, 'Nanded-Waghala', 'Maharashtra'),
(822, 'Nandgaon', 'Maharashtra'),
(823, 'Nandura', 'Maharashtra'),
(824, 'Nandurbar', 'Maharashtra'),
(825, 'Narkhed', 'Maharashtra'),
(826, 'Nashik', 'Maharashtra'),
(827, 'Navi Mumbai', 'Maharashtra'),
(828, 'Nawapur', 'Maharashtra'),
(829, 'Nilanga', 'Maharashtra'),
(830, 'Osmanabad', 'Maharashtra'),
(831, 'Ozar', 'Maharashtra'),
(832, 'Pachora', 'Maharashtra'),
(833, 'Paithan', 'Maharashtra'),
(834, 'Palghar', 'Maharashtra'),
(835, 'Pandharkaoda', 'Maharashtra'),
(836, 'Pandharpur', 'Maharashtra'),
(837, 'Panvel', 'Maharashtra'),
(838, 'Parbhani', 'Maharashtra'),
(839, 'Parli', 'Maharashtra'),
(840, 'Parola', 'Maharashtra'),
(841, 'Partur', 'Maharashtra'),
(842, 'Pathardi', 'Maharashtra'),
(843, 'Pathri', 'Maharashtra'),
(844, 'Patur', 'Maharashtra'),
(845, 'Pauni', 'Maharashtra'),
(846, 'Pen', 'Maharashtra'),
(847, 'Phaltan', 'Maharashtra'),
(848, 'Pulgaon', 'Maharashtra'),
(849, 'Pune', 'Maharashtra'),
(850, 'Purna', 'Maharashtra'),
(851, 'Pusad', 'Maharashtra'),
(852, 'Rahuri', 'Maharashtra'),
(853, 'Rajura', 'Maharashtra'),
(854, 'Ramtek', 'Maharashtra'),
(855, 'Ratnagiri', 'Maharashtra'),
(856, 'Raver', 'Maharashtra'),
(857, 'Risod', 'Maharashtra'),
(858, 'Sailu', 'Maharashtra'),
(859, 'Sangamner', 'Maharashtra'),
(860, 'Sangli', 'Maharashtra'),
(861, 'Sangole', 'Maharashtra'),
(862, 'Sasvad', 'Maharashtra'),
(863, 'Satana', 'Maharashtra'),
(864, 'Satara', 'Maharashtra'),
(865, 'Savner', 'Maharashtra'),
(866, 'Sawantwadi', 'Maharashtra'),
(867, 'Shahade', 'Maharashtra'),
(868, 'Shegaon', 'Maharashtra'),
(869, 'Shendurjana', 'Maharashtra'),
(870, 'Shirdi', 'Maharashtra'),
(871, 'Shirpur-Warwade', 'Maharashtra'),
(872, 'Shirur', 'Maharashtra'),
(873, 'Shrigonda', 'Maharashtra'),
(874, 'Shrirampur', 'Maharashtra'),
(875, 'Sillod', 'Maharashtra'),
(876, 'Sinnar', 'Maharashtra'),
(877, 'Solapur', 'Maharashtra'),
(878, 'Soyagaon', 'Maharashtra'),
(879, 'Talegaon Dabhade', 'Maharashtra'),
(880, 'Talode', 'Maharashtra'),
(881, 'Tasgaon', 'Maharashtra'),
(882, 'Tirora', 'Maharashtra'),
(883, 'Tuljapur', 'Maharashtra'),
(884, 'Tumsar', 'Maharashtra'),
(885, 'Uran', 'Maharashtra'),
(886, 'Uran Islampur', 'Maharashtra'),
(887, 'Wadgaon Road', 'Maharashtra'),
(888, 'Wai', 'Maharashtra'),
(889, 'Wani', 'Maharashtra'),
(890, 'Wardha', 'Maharashtra'),
(891, 'Warora', 'Maharashtra'),
(892, 'Warud', 'Maharashtra'),
(893, 'Washim', 'Maharashtra'),
(894, 'Yevla', 'Maharashtra'),
(895, 'Uchgaon', 'Maharashtra'),
(896, 'Udgir', 'Maharashtra'),
(897, 'Umarga', 'Maharastra'),
(898, 'Umarkhed', 'Maharastra'),
(899, 'Umred', 'Maharastra'),
(900, 'Vadgaon Kasba', 'Maharastra'),
(901, 'Vaijapur', 'Maharastra'),
(902, 'Vasai', 'Maharastra'),
(903, 'Virar', 'Maharastra'),
(904, 'Vita', 'Maharastra'),
(905, 'Yavatmal', 'Maharastra'),
(906, 'Yawal', 'Maharastra'),
(907, 'Imphal', 'Manipur'),
(908, 'Kakching', 'Manipur'),
(909, 'Lilong', 'Manipur'),
(910, 'Mayang Imphal', 'Manipur'),
(911, 'Thoubal', 'Manipur'),
(912, 'Jowai', 'Meghalaya'),
(913, 'Nongstoin', 'Meghalaya'),
(914, 'Shillong', 'Meghalaya'),
(915, 'Tura', 'Meghalaya'),
(916, 'Aizawl', 'Mizoram'),
(917, 'Champhai', 'Mizoram'),
(918, 'Lunglei', 'Mizoram'),
(919, 'Saiha', 'Mizoram'),
(920, 'Dimapur', 'Nagaland'),
(921, 'Kohima', 'Nagaland'),
(922, 'Mokokchung', 'Nagaland'),
(923, 'Tuensang', 'Nagaland'),
(924, 'Wokha', 'Nagaland'),
(925, 'Zunheboto', 'Nagaland'),
(950, 'Anandapur', 'Orissa'),
(951, 'Anugul', 'Orissa'),
(952, 'Asika', 'Orissa'),
(953, 'Balangir', 'Orissa'),
(954, 'Balasore', 'Orissa'),
(955, 'Baleshwar', 'Orissa'),
(956, 'Bamra', 'Orissa'),
(957, 'Barbil', 'Orissa'),
(958, 'Bargarh', 'Orissa'),
(959, 'Bargarh', 'Orissa'),
(960, 'Baripada', 'Orissa'),
(961, 'Basudebpur', 'Orissa'),
(962, 'Belpahar', 'Orissa'),
(963, 'Bhadrak', 'Orissa'),
(964, 'Bhawanipatna', 'Orissa'),
(965, 'Bhuban', 'Orissa'),
(966, 'Bhubaneswar', 'Orissa'),
(967, 'Biramitrapur', 'Orissa'),
(968, 'Brahmapur', 'Orissa'),
(969, 'Brajrajnagar', 'Orissa'),
(970, 'Byasanagar', 'Orissa'),
(971, 'Cuttack', 'Orissa'),
(972, 'Debagarh', 'Orissa'),
(973, 'Dhenkanal', 'Orissa'),
(974, 'Gunupur', 'Orissa'),
(975, 'Hinjilicut', 'Orissa'),
(976, 'Jagatsinghapur', 'Orissa'),
(977, 'Jajapur', 'Orissa'),
(978, 'Jaleswar', 'Orissa'),
(979, 'Jatani', 'Orissa'),
(980, 'Jeypur', 'Orissa'),
(981, 'Jharsuguda', 'Orissa'),
(982, 'Joda', 'Orissa'),
(983, 'Kantabanji', 'Orissa'),
(984, 'Karanjia', 'Orissa'),
(985, 'Kendrapara', 'Orissa'),
(986, 'Kendujhar', 'Orissa'),
(987, 'Khordha', 'Orissa'),
(988, 'Koraput', 'Orissa'),
(989, 'Malkangiri', 'Orissa'),
(990, 'Nabarangapur', 'Orissa'),
(991, 'Paradip', 'Orissa'),
(992, 'Parlakhemundi', 'Orissa'),
(993, 'Pattamundai', 'Orissa'),
(994, 'Phulabani', 'Orissa'),
(995, 'Puri', 'Orissa'),
(996, 'Rairangpur', 'Orissa'),
(997, 'Rajagangapur', 'Orissa'),
(998, 'Raurkela', 'Orissa'),
(999, 'Rayagada', 'Orissa'),
(1000, 'Sambalpur', 'Orissa'),
(1001, 'Soro', 'Orissa'),
(1002, 'Sunabeda', 'Orissa'),
(1003, 'Sundargarh', 'Orissa'),
(1004, 'Talcher', 'Orissa'),
(1005, 'Titlagarh', 'Orissa'),
(1006, 'Umarkote', 'Orissa'),
(1007, 'Karaikal', 'Pondicherry'),
(1008, 'Mahe', 'Pondicherry'),
(1009, 'Pondicherry', 'Pondicherry'),
(1010, 'Yanam', 'Pondicherry'),
(1011, 'Ahmedgarh', 'Punjab'),
(1012, 'Amritsar', 'Punjab'),
(1013, 'Barnala', 'Punjab'),
(1014, 'Batala', 'Punjab'),
(1015, 'Bathinda', 'Punjab'),
(1016, 'Bhagha Purana', 'Punjab'),
(1017, 'Budhlada', 'Punjab'),
(1018, 'Chandigarh', 'Punjab'),
(1019, 'Dasua', 'Punjab'),
(1020, 'Dhuri', 'Punjab'),
(1021, 'Dinanagar', 'Punjab'),
(1022, 'Faridkot', 'Punjab'),
(1023, 'Fazilka', 'Punjab'),
(1024, 'Firozpur', 'Punjab'),
(1025, 'Firozpur Cantt.', 'Punjab'),
(1026, 'Giddarbaha', 'Punjab'),
(1027, 'Gobindgarh', 'Punjab'),
(1028, 'Gurdaspur', 'Punjab'),
(1029, 'Hoshiarpur', 'Punjab'),
(1030, 'Jagraon', 'Punjab'),
(1031, 'Jaitu', 'Punjab'),
(1032, 'Jalalabad', 'Punjab'),
(1033, 'Jalandhar', 'Punjab'),
(1034, 'Jalandhar Cantt.', 'Punjab'),
(1035, 'Jandiala', 'Punjab'),
(1036, 'Kapurthala', 'Punjab'),
(1037, 'Karoran', 'Punjab'),
(1038, 'Kartarpur', 'Punjab'),
(1039, 'Khanna', 'Punjab'),
(1040, 'Kharar', 'Punjab'),
(1041, 'Kot Kapura', 'Punjab'),
(1042, 'Kurali', 'Punjab'),
(1043, 'Longowal', 'Punjab'),
(1044, 'Ludhiana', 'Punjab'),
(1045, 'Malerkotla', 'Punjab'),
(1046, 'Malout', 'Punjab'),
(1047, 'Mansa', 'Punjab'),
(1048, 'Maur', 'Punjab'),
(1049, 'Moga', 'Punjab'),
(1050, 'Mohali', 'Punjab'),
(1051, 'Morinda', 'Punjab'),
(1052, 'Mukerian', 'Punjab'),
(1053, 'Muktsar', 'Punjab'),
(1054, 'Nabha', 'Punjab'),
(1055, 'Nakodar', 'Punjab'),
(1056, 'Nangal', 'Punjab'),
(1057, 'Nawanshahr', 'Punjab'),
(1058, 'Pathankot', 'Punjab'),
(1059, 'Patiala', 'Punjab'),
(1060, 'Patran', 'Punjab'),
(1061, 'Patti', 'Punjab'),
(1062, 'Phagwara', 'Punjab'),
(1063, 'Phillaur', 'Punjab'),
(1064, 'Qadian', 'Punjab'),
(1065, 'Raikot', 'Punjab'),
(1066, 'Rajpura', 'Punjab'),
(1067, 'Rampura Phul', 'Punjab'),
(1068, 'Rupnagar', 'Punjab'),
(1069, 'Samana', 'Punjab'),
(1070, 'Sangrur', 'Punjab'),
(1071, 'Sirhind Fatehgarh Sahib', 'Punjab'),
(1072, 'Sujanpur', 'Punjab'),
(1073, 'Sunam', 'Punjab'),
(1074, 'Talwara', 'Punjab'),
(1075, 'Tarn Taran', 'Punjab'),
(1076, 'Urmar Tanda', 'Punjab'),
(1077, 'Zira', 'Punjab'),
(1078, 'Zirakpur', 'Punjab'),
(1079, 'Bali', 'Rajasthan'),
(1080, 'Banswara', 'Rajastan'),
(1081, 'Ajmer', 'Rajasthan'),
(1082, 'Alwar', 'Rajasthan'),
(1083, 'Bandikui', 'Rajasthan'),
(1084, 'Baran', 'Rajasthan'),
(1085, 'Barmer', 'Rajasthan'),
(1086, 'Bikaner', 'Rajasthan'),
(1087, 'Fatehpur', 'Rajasthan'),
(1088, 'Jaipur', 'Rajasthan'),
(1089, 'Jaisalmer', 'Rajasthan'),
(1090, 'Jodhpur', 'Rajasthan'),
(1091, 'Kota', 'Rajasthan'),
(1092, 'Lachhmangarh', 'Rajasthan'),
(1093, 'Ladnu', 'Rajasthan'),
(1094, 'Lakheri', 'Rajasthan'),
(1095, 'Lalsot', 'Rajasthan'),
(1096, 'Losal', 'Rajasthan'),
(1097, 'Makrana', 'Rajasthan'),
(1098, 'Malpura', 'Rajasthan'),
(1099, 'Mandalgarh', 'Rajasthan'),
(1100, 'Mandawa', 'Rajasthan'),
(1101, 'Mangrol', 'Rajasthan'),
(1102, 'Merta City', 'Rajasthan'),
(1103, 'Mount Abu', 'Rajasthan'),
(1104, 'Nadbai', 'Rajasthan'),
(1105, 'Nagar', 'Rajasthan'),
(1106, 'Nagaur', 'Rajasthan'),
(1107, 'Nargund', 'Rajasthan'),
(1108, 'Nasirabad', 'Rajasthan'),
(1109, 'Nathdwara', 'Rajasthan'),
(1110, 'Navalgund', 'Rajasthan'),
(1111, 'Nawalgarh', 'Rajasthan'),
(1112, 'Neem-Ka-Thana', 'Rajasthan'),
(1113, 'Nelamangala', 'Rajasthan'),
(1114, 'Nimbahera', 'Rajasthan'),
(1115, 'Nipani', 'Rajasthan'),
(1116, 'Niwai', 'Rajasthan'),
(1117, 'Nohar', 'Rajasthan'),
(1118, 'Nokha', 'Rajasthan'),
(1119, 'Pali', 'Rajasthan'),
(1120, 'Phalodi', 'Rajasthan'),
(1121, 'Phulera', 'Rajasthan'),
(1122, 'Pilani', 'Rajasthan'),
(1123, 'Pilibanga', 'Rajasthan'),
(1124, 'Pindwara', 'Rajasthan'),
(1125, 'Pipar City', 'Rajasthan'),
(1126, 'Prantij', 'Rajasthan'),
(1127, 'Pratapgarh', 'Rajasthan'),
(1128, 'Raisinghnagar', 'Rajasthan'),
(1129, 'Rajakhera', 'Rajasthan'),
(1130, 'Rajaldesar', 'Rajasthan'),
(1131, 'Rajgarh (Alwar)', 'Rajasthan'),
(1132, 'Rajgarh (Churu', 'Rajasthan'),
(1133, 'Rajsamand', 'Rajasthan'),
(1134, 'Ramganj Mandi', 'Rajasthan'),
(1135, 'Ramngarh', 'Rajasthan'),
(1136, 'Ratangarh', 'Rajasthan'),
(1137, 'Rawatbhata', 'Rajasthan'),
(1138, 'Rawatsar', 'Rajasthan'),
(1139, 'Reengus', 'Rajasthan'),
(1140, 'Sadri', 'Rajasthan'),
(1141, 'Sadulshahar', 'Rajasthan'),
(1142, 'Sagwara', 'Rajasthan'),
(1143, 'Sambhar', 'Rajasthan'),
(1144, 'Sanchore', 'Rajasthan'),
(1145, 'Sangaria', 'Rajasthan'),
(1146, 'Sardarshahar', 'Rajasthan'),
(1147, 'Sawai Madhopur', 'Rajasthan'),
(1148, 'Shahpura', 'Rajasthan'),
(1149, 'Shahpura', 'Rajasthan'),
(1150, 'Sheoganj', 'Rajasthan'),
(1151, 'Sikar', 'Rajasthan'),
(1152, 'Sirohi', 'Rajasthan'),
(1153, 'Sojat', 'Rajasthan'),
(1154, 'Sri Madhopur', 'Rajasthan'),
(1155, 'Sujangarh', 'Rajasthan'),
(1156, 'Sumerpur', 'Rajasthan'),
(1157, 'Suratgarh', 'Rajasthan'),
(1158, 'Taranagar', 'Rajasthan'),
(1159, 'Todabhim', 'Rajasthan'),
(1160, 'Todaraisingh', 'Rajasthan'),
(1161, 'Tonk', 'Rajasthan'),
(1162, 'Udaipur', 'Rajasthan'),
(1163, 'Udaipurwati', 'Rajasthan'),
(1164, 'Vijainagar', 'Rajasthan'),
(1165, 'Gangtok', 'Sikkim'),
(1166, 'Calcutta', 'West Bengal'),
(1167, 'Arakkonam', 'Tamil Nadu'),
(1168, 'Arcot', 'Tamil Nadu'),
(1169, 'Aruppukkottai', 'Tamil Nadu'),
(1170, 'Bhavani', 'Tamil Nadu'),
(1171, 'Chengalpattu', 'Tamil Nadu'),
(1172, 'Chennai', 'Tamil Nadu'),
(1173, 'Chinna salem', 'Tamil nadu'),
(1174, 'Coimbatore', 'Tamil Nadu'),
(1175, 'Coonoor', 'Tamil Nadu'),
(1176, 'Cuddalore', 'Tamil Nadu'),
(1177, 'Dharmapuri', 'Tamil Nadu'),
(1178, 'Dindigul', 'Tamil Nadu'),
(1179, 'Erode', 'Tamil Nadu'),
(1180, 'Gudalur', 'Tamil Nadu'),
(1181, 'Gudalur', 'Tamil Nadu'),
(1182, 'Gudalur', 'Tamil Nadu'),
(1183, 'Kanchipuram', 'Tamil Nadu'),
(1184, 'Karaikudi', 'Tamil Nadu'),
(1185, 'Karungal', 'Tamil Nadu'),
(1186, 'Karur', 'Tamil Nadu'),
(1187, 'Kollankodu', 'Tamil Nadu'),
(1188, 'Lalgudi', 'Tamil Nadu'),
(1189, 'Madurai', 'Tamil Nadu'),
(1190, 'Nagapattinam', 'Tamil Nadu'),
(1191, 'Nagercoil', 'Tamil Nadu'),
(1192, 'Namagiripettai', 'Tamil Nadu'),
(1193, 'Namakkal', 'Tamil Nadu'),
(1194, 'Nandivaram-Guduvancheri', 'Tamil Nadu'),
(1195, 'Nanjikottai', 'Tamil Nadu'),
(1196, 'Natham', 'Tamil Nadu'),
(1197, 'Nellikuppam', 'Tamil Nadu'),
(1198, 'Neyveli', 'Tamil Nadu'),
(1199, 'O\' Valley', 'Tamil Nadu'),
(1200, 'Oddanchatram', 'Tamil Nadu'),
(1201, 'P.N.Patti', 'Tamil Nadu'),
(1202, 'Pacode', 'Tamil Nadu'),
(1203, 'Padmanabhapuram', 'Tamil Nadu'),
(1204, 'Palani', 'Tamil Nadu'),
(1205, 'Palladam', 'Tamil Nadu'),
(1206, 'Pallapatti', 'Tamil Nadu'),
(1207, 'Pallikonda', 'Tamil Nadu'),
(1208, 'Panagudi', 'Tamil Nadu'),
(1209, 'Panruti', 'Tamil Nadu'),
(1210, 'Paramakudi', 'Tamil Nadu'),
(1211, 'Parangipettai', 'Tamil Nadu'),
(1212, 'Pattukkottai', 'Tamil Nadu'),
(1213, 'Perambalur', 'Tamil Nadu'),
(1214, 'Peravurani', 'Tamil Nadu'),
(1215, 'Periyakulam', 'Tamil Nadu'),
(1216, 'Periyasemur', 'Tamil Nadu'),
(1217, 'Pernampattu', 'Tamil Nadu'),
(1218, 'Pollachi', 'Tamil Nadu'),
(1219, 'Polur', 'Tamil Nadu'),
(1220, 'Ponneri', 'Tamil Nadu'),
(1221, 'Pudukkottai', 'Tamil Nadu'),
(1222, 'Pudupattinam', 'Tamil Nadu'),
(1223, 'Puliyankudi', 'Tamil Nadu'),
(1224, 'Punjaipugalur', 'Tamil Nadu'),
(1225, 'Rajapalayam', 'Tamil Nadu'),
(1226, 'Ramanathapuram', 'Tamil Nadu'),
(1227, 'Rameshwaram', 'Tamil Nadu'),
(1228, 'Rasipuram', 'Tamil Nadu'),
(1229, 'Salem', 'Tamil Nadu'),
(1230, 'Sankarankoil', 'Tamil Nadu'),
(1231, 'Sankari', 'Tamil Nadu'),
(1232, 'Sathyamangalam', 'Tamil Nadu'),
(1233, 'Sattur', 'Tamil Nadu'),
(1234, 'Shenkottai', 'Tamil Nadu'),
(1235, 'Sholavandan', 'Tamil Nadu'),
(1236, 'Sholingur', 'Tamil Nadu'),
(1237, 'Sirkali', 'Tamil Nadu'),
(1238, 'Sivaganga', 'Tamil Nadu'),
(1239, 'Sivagiri', 'Tamil Nadu'),
(1240, 'Sivakasi', 'Tamil Nadu'),
(1241, 'Srivilliputhur', 'Tamil Nadu'),
(1242, 'Surandai', 'Tamil Nadu'),
(1243, 'Suriyampalayam', 'Tamil Nadu'),
(1244, 'Tenkasi', 'Tamil Nadu'),
(1245, 'Thammampatti', 'Tamil Nadu'),
(1246, 'Thanjavur', 'Tamil Nadu'),
(1247, 'Tharamangalam', 'Tamil Nadu'),
(1248, 'Tharangambadi', 'Tamil Nadu'),
(1249, 'Theni Allinagaram', 'Tamil Nadu'),
(1250, 'Thirumangalam', 'Tamil Nadu'),
(1251, 'Thirunindravur', 'Tamil Nadu'),
(1252, 'Thiruparappu', 'Tamil Nadu'),
(1253, 'Thirupuvanam', 'Tamil Nadu'),
(1254, 'Thiruthuraipoondi', 'Tamil Nadu'),
(1255, 'Thiruvallur', 'Tamil Nadu'),
(1256, 'Thiruvarur', 'Tamil Nadu'),
(1257, 'Thoothukudi', 'Tamil Nadu'),
(1258, 'Thuraiyur', 'Tamil Nadu'),
(1259, 'Tindivanam', 'Tamil Nadu'),
(1260, 'Tiruchendur', 'Tamil Nadu'),
(1261, 'Tiruchengode', 'Tamil Nadu'),
(1262, 'Tiruchirappalli', 'Tamil Nadu'),
(1263, 'Tirukalukundram', 'Tamil Nadu'),
(1264, 'Tirukkoyilur', 'Tamil Nadu'),
(1265, 'Tirunelveli', 'Tamil Nadu'),
(1266, 'Tirupathur', 'Tamil Nadu'),
(1267, 'Tirupathur', 'Tamil Nadu'),
(1268, 'Tiruppur', 'Tamil Nadu'),
(1269, 'Tiruttani', 'Tamil Nadu'),
(1270, 'Tiruvannamalai', 'Tamil Nadu'),
(1271, 'Tiruvethipuram', 'Tamil Nadu'),
(1272, 'Tittakudi', 'Tamil Nadu'),
(1273, 'Udhagamandalam', 'Tamil Nadu'),
(1274, 'Udumalaipettai', 'Tamil Nadu'),
(1275, 'Unnamalaikadai', 'Tamil Nadu'),
(1276, 'Usilampatti', 'Tamil Nadu'),
(1277, 'Uthamapalayam', 'Tamil Nadu'),
(1278, 'Uthiramerur', 'Tamil Nadu'),
(1279, 'Vadakkuvalliyur', 'Tamil Nadu'),
(1280, 'Vadalur', 'Tamil Nadu'),
(1281, 'Vadipatti', 'Tamil Nadu'),
(1282, 'Valparai', 'Tamil Nadu'),
(1283, 'Vandavasi', 'Tamil Nadu'),
(1284, 'Vaniyambadi', 'Tamil Nadu'),
(1285, 'Vedaranyam', 'Tamil Nadu'),
(1286, 'Vellakoil', 'Tamil Nadu'),
(1287, 'Vellore', 'Tamil Nadu'),
(1288, 'Vikramasingapuram', 'Tamil Nadu'),
(1289, 'Viluppuram', 'Tamil Nadu'),
(1290, 'Virudhachalam', 'Tamil Nadu'),
(1291, 'Virudhunagar', 'Tamil Nadu'),
(1292, 'Viswanatham', 'Tamil Nadu'),
(1293, 'Agartala', 'Tripura'),
(1294, 'Badharghat', 'Tripura'),
(1295, 'Dharmanagar', 'Tripura'),
(1296, 'Indranagar', 'Tripura'),
(1297, 'Jogendranagar', 'Tripura'),
(1298, 'Kailasahar', 'Tripura'),
(1299, 'Khowai', 'Tripura'),
(1300, 'Pratapgarh', 'Tripura'),
(1301, 'Udaipur', 'Tripura'),
(1302, 'Achhnera', 'Uttar Pradesh'),
(1303, 'Adari', 'Uttar Pradesh'),
(1304, 'Agra', 'Uttar Pradesh'),
(1305, 'Aligarh', 'Uttar Pradesh'),
(1306, 'Allahabad', 'Uttar Pradesh'),
(1307, 'Amroha', 'Uttar Pradesh'),
(1308, 'Azamgarh', 'Uttar Pradesh'),
(1309, 'Bahraich', 'Uttar Pradesh'),
(1310, 'Ballia', 'Uttar Pradesh'),
(1311, 'Balrampur', 'Uttar Pradesh'),
(1312, 'Banda', 'Uttar Pradesh'),
(1313, 'Bareilly', 'Uttar Pradesh'),
(1314, 'Chandausi', 'Uttar Pradesh'),
(1315, 'Dadri', 'Uttar Pradesh'),
(1316, 'Deoria', 'Uttar Pradesh'),
(1317, 'Etawah', 'Uttar Pradesh'),
(1318, 'Fatehabad', 'Uttar Pradesh'),
(1319, 'Fatehpur', 'Uttar Pradesh'),
(1320, 'Fatehpur', 'Uttar Pradesh'),
(1321, 'Greater Noida', 'Uttar Pradesh'),
(1322, 'Hamirpur', 'Uttar Pradesh'),
(1323, 'Hardoi', 'Uttar Pradesh'),
(1324, 'Jajmau', 'Uttar Pradesh'),
(1325, 'Jaunpur', 'Uttar Pradesh'),
(1326, 'Jhansi', 'Uttar Pradesh'),
(1327, 'Kalpi', 'Uttar Pradesh'),
(1328, 'Kanpur', 'Uttar Pradesh'),
(1329, 'Kota', 'Uttar Pradesh'),
(1330, 'Laharpur', 'Uttar Pradesh'),
(1331, 'Lakhimpur', 'Uttar Pradesh'),
(1332, 'Lal Gopalganj Nindaura', 'Uttar Pradesh'),
(1333, 'Lalganj', 'Uttar Pradesh'),
(1334, 'Lalitpur', 'Uttar Pradesh'),
(1335, 'Lar', 'Uttar Pradesh'),
(1336, 'Loni', 'Uttar Pradesh'),
(1337, 'Lucknow', 'Uttar Pradesh'),
(1338, 'Mathura', 'Uttar Pradesh'),
(1339, 'Meerut', 'Uttar Pradesh'),
(1340, 'Modinagar', 'Uttar Pradesh'),
(1341, 'Muradnagar', 'Uttar Pradesh'),
(1342, 'Nagina', 'Uttar Pradesh'),
(1343, 'Najibabad', 'Uttar Pradesh'),
(1344, 'Nakur', 'Uttar Pradesh'),
(1345, 'Nanpara', 'Uttar Pradesh'),
(1346, 'Naraura', 'Uttar Pradesh'),
(1347, 'Naugawan Sadat', 'Uttar Pradesh'),
(1348, 'Nautanwa', 'Uttar Pradesh'),
(1349, 'Nawabganj', 'Uttar Pradesh'),
(1350, 'Nehtaur', 'Uttar Pradesh'),
(1351, 'NOIDA', 'Uttar Pradesh'),
(1352, 'Noorpur', 'Uttar Pradesh'),
(1353, 'Obra', 'Uttar Pradesh'),
(1354, 'Orai', 'Uttar Pradesh'),
(1355, 'Padrauna', 'Uttar Pradesh'),
(1356, 'Palia Kalan', 'Uttar Pradesh'),
(1357, 'Parasi', 'Uttar Pradesh'),
(1358, 'Phulpur', 'Uttar Pradesh'),
(1359, 'Pihani', 'Uttar Pradesh'),
(1360, 'Pilibhit', 'Uttar Pradesh'),
(1361, 'Pilkhuwa', 'Uttar Pradesh'),
(1362, 'Powayan', 'Uttar Pradesh'),
(1363, 'Pukhrayan', 'Uttar Pradesh'),
(1364, 'Puranpur', 'Uttar Pradesh'),
(1365, 'Purquazi', 'Uttar Pradesh'),
(1366, 'Purwa', 'Uttar Pradesh'),
(1367, 'Rae Bareli', 'Uttar Pradesh'),
(1368, 'Rampur', 'Uttar Pradesh'),
(1369, 'Rampur Maniharan', 'Uttar Pradesh'),
(1370, 'Rasra', 'Uttar Pradesh'),
(1371, 'Rath', 'Uttar Pradesh'),
(1372, 'Renukoot', 'Uttar Pradesh'),
(1373, 'Reoti', 'Uttar Pradesh'),
(1374, 'Robertsganj', 'Uttar Pradesh'),
(1375, 'Rudauli', 'Uttar Pradesh'),
(1376, 'Rudrapur', 'Uttar Pradesh'),
(1377, 'Sadabad', 'Uttar Pradesh'),
(1378, 'Safipur', 'Uttar Pradesh'),
(1379, 'Saharanpur', 'Uttar Pradesh'),
(1380, 'Sahaspur', 'Uttar Pradesh'),
(1381, 'Sahaswan', 'Uttar Pradesh'),
(1382, 'Sahawar', 'Uttar Pradesh'),
(1383, 'Sahjanwa', 'Uttar Pradesh'),
(1384, 'Saidpur', ' Ghazipur'),
(1385, 'Sambhal', 'Uttar Pradesh'),
(1386, 'Samdhan', 'Uttar Pradesh'),
(1387, 'Samthar', 'Uttar Pradesh'),
(1388, 'Sandi', 'Uttar Pradesh'),
(1389, 'Sandila', 'Uttar Pradesh'),
(1390, 'Sardhana', 'Uttar Pradesh'),
(1391, 'Seohara', 'Uttar Pradesh'),
(1392, 'Shahabad', ' Hardoi'),
(1393, 'Shahabad', ' Rampur'),
(1394, 'Shahganj', 'Uttar Pradesh'),
(1395, 'Shahjahanpur', 'Uttar Pradesh'),
(1396, 'Shamli', 'Uttar Pradesh'),
(1397, 'Shamsabad', ' Agra'),
(1398, 'Shamsabad', ' Farrukhabad'),
(1399, 'Sherkot', 'Uttar Pradesh'),
(1400, 'Shikarpur', ' Bulandshahr'),
(1401, 'Shikohabad', 'Uttar Pradesh'),
(1402, 'Shishgarh', 'Uttar Pradesh'),
(1403, 'Siana', 'Uttar Pradesh'),
(1404, 'Sikanderpur', 'Uttar Pradesh'),
(1405, 'Sikandra Rao', 'Uttar Pradesh'),
(1406, 'Sikandrabad', 'Uttar Pradesh'),
(1407, 'Sirsaganj', 'Uttar Pradesh'),
(1408, 'Sirsi', 'Uttar Pradesh'),
(1409, 'Sitapur', 'Uttar Pradesh'),
(1410, 'Soron', 'Uttar Pradesh'),
(1411, 'Suar', 'Uttar Pradesh'),
(1412, 'Sultanpur', 'Uttar Pradesh'),
(1413, 'Sumerpur', 'Uttar Pradesh'),
(1414, 'Tanda', 'Uttar Pradesh'),
(1415, 'Tanda', 'Uttar Pradesh'),
(1416, 'Tetri Bazar', 'Uttar Pradesh'),
(1417, 'Thakurdwara', 'Uttar Pradesh'),
(1418, 'Thana Bhawan', 'Uttar Pradesh'),
(1419, 'Tilhar', 'Uttar Pradesh'),
(1420, 'Tirwaganj', 'Uttar Pradesh'),
(1421, 'Tulsipur', 'Uttar Pradesh'),
(1422, 'Tundla', 'Uttar Pradesh'),
(1423, 'Unnao', 'Uttar Pradesh'),
(1424, 'Utraula', 'Uttar Pradesh'),
(1425, 'Varanasi', 'Uttar Pradesh'),
(1426, 'Vrindavan', 'Uttar Pradesh'),
(1427, 'Warhapur', 'Uttar Pradesh'),
(1428, 'Zaidpur', 'Uttar Pradesh'),
(1429, 'Zamania', 'Uttar Pradesh'),
(1430, 'Almora', 'Uttarakhand'),
(1431, 'Bazpur', 'Uttarakhand'),
(1432, 'Chamba', 'Uttarakhand'),
(1433, 'Dehradun', 'Uttarakhand'),
(1434, 'Haldwani', 'Uttarakhand'),
(1435, 'Haridwar', 'Uttarakhand'),
(1436, 'Jaspur', 'Uttarakhand'),
(1437, 'Kashipur', 'Uttarakhand'),
(1438, 'kichha', 'Uttarakhand'),
(1439, 'Kotdwara', 'Uttarakhand'),
(1440, 'Manglaur', 'Uttarakhand'),
(1441, 'Mussoorie', 'Uttarakhand'),
(1442, 'Nagla', 'Uttarakhand'),
(1443, 'Nainital', 'Uttarakhand'),
(1444, 'Pauri', 'Uttarakhand'),
(1445, 'Pithoragarh', 'Uttarakhand'),
(1446, 'Ramnagar', 'Uttarakhand'),
(1447, 'Rishikesh', 'Uttarakhand'),
(1448, 'Roorkee', 'Uttarakhand'),
(1449, 'Rudrapur', 'Uttarakhand'),
(1450, 'Sitarganj', 'Uttarakhand'),
(1451, 'Tehri', 'Uttarakhand'),
(1452, 'Muzaffarnagar', 'Uttar Pradesh'),
(1453, 'Adra', ' Purulia'),
(1454, 'Alipurduar', 'West Bengal'),
(1455, 'Arambagh', 'West Bengal'),
(1456, 'Asansol', 'West Bengal'),
(1457, 'Baharampur', 'West Bengal'),
(1458, 'Bally', 'West Bengal'),
(1459, 'Balurghat', 'West Bengal'),
(1460, 'Bankura', 'West Bengal'),
(1461, 'Barakar', 'West Bengal'),
(1462, 'Barasat', 'West Bengal'),
(1463, 'Bardhaman', 'West Bengal'),
(1464, 'Bidhan Nagar', 'West Bengal'),
(1465, 'Chinsura', 'West Bengal'),
(1466, 'Contai', 'West Bengal'),
(1467, 'Cooch Behar', 'West Bengal'),
(1468, 'Darjeeling', 'West Bengal'),
(1469, 'Durgapur', 'West Bengal'),
(1470, 'Haldia', 'West Bengal'),
(1471, 'Howrah', 'West Bengal'),
(1472, 'Islampur', 'West Bengal'),
(1473, 'Jhargram', 'West Bengal'),
(1474, 'Kharagpur', 'West Bengal'),
(1475, 'Kolkata', 'West Bengal'),
(1476, 'Mainaguri', 'West Bengal'),
(1477, 'Mal', 'West Bengal'),
(1478, 'Mathabhanga', 'West Bengal'),
(1479, 'Medinipur', 'West Bengal'),
(1480, 'Memari', 'West Bengal'),
(1481, 'Monoharpur', 'West Bengal'),
(1482, 'Murshidabad', 'West Bengal'),
(1483, 'Nabadwip', 'West Bengal'),
(1484, 'Naihati', 'West Bengal'),
(1485, 'Panchla', 'West Bengal'),
(1486, 'Pandua', 'West Bengal'),
(1487, 'Paschim Punropara', 'West Bengal'),
(1488, 'Purulia', 'West Bengal'),
(1489, 'Raghunathpur', 'West Bengal'),
(1490, 'Raiganj', 'West Bengal'),
(1491, 'Rampurhat', 'West Bengal'),
(1492, 'Ranaghat', 'West Bengal'),
(1493, 'Sainthia', 'West Bengal'),
(1494, 'Santipur', 'West Bengal'),
(1495, 'Siliguri', 'West Bengal'),
(1496, 'Sonamukhi', 'West Bengal'),
(1497, 'Srirampore', 'West Bengal'),
(1498, 'Suri', 'West Bengal'),
(1499, 'Taki', 'West Bengal'),
(1500, 'Tamluk', 'West Bengal'),
(1501, 'Tarakeswar', 'West Bengal'),
(1502, 'Chikmagalur', 'Karnataka'),
(1503, 'Davanagere', 'Karnataka'),
(1504, 'Dharwad', 'Karnataka'),
(1505, 'Gadag', 'Karnataka'),
(1506, 'Chennai', 'Tamil Nadu'),
(1507, 'Coimbatore', 'Tamil Nadu');

-- --------------------------------------------------------

--
-- Table structure for table `report`
--

CREATE TABLE `report` (
  `id` int(11) NOT NULL,
  `student_id` int(11) NOT NULL,
  `result` text NOT NULL,
  `percentage` float NOT NULL,
  `grade` varchar(3) NOT NULL,
  `date` datetime NOT NULL
) ENGINE=MyISAM DEFAULT CHARSET=latin1;

-- --------------------------------------------------------

--
-- Table structure for table `school`
--

CREATE TABLE `school` (
  `id` int(11) NOT NULL,
  `registration_no` varchar(50) NOT NULL,
  `school_code` varchar(50) NOT NULL,
  `school_name` text NOT NULL,
  `affiliation_id` int(11) NOT NULL,
  `school_logo` text NOT NULL,
  `status` varchar(10) NOT NULL,
  `is_archived` tinyint(1) NOT NULL DEFAULT '0'
) ENGINE=MyISAM DEFAULT CHARSET=latin1;

--
-- Dumping data for table `school`
--

INSERT INTO `school` (`id`, `registration_no`, `school_code`, `school_name`, `affiliation_id`, `school_logo`, `status`, `is_archived`) VALUES
(1, '354', 'DGS', 'Doon Global School', 1, 'NA', 'Running', 1),
(2, '354', 'DGS01', 'Doon Global School2', 1, '', 'Active', 1),
(3, '354', 'DGS01', 'Doon Global School3', 1, '', 'Active', 1),
(4, '354', 'DGS01', 'Doon Global School4', 1, '/home/hachiweb/public_html/reportcard/pages/forms/assets/school/4/logo/auth_reqd.PNG', 'Active', 1),
(5, '354', 'DGS01', 'Doon Global School5', 1, '/home/hachiweb/public_html/reportcard/pages/forms/assets/school/5/logo/auth_reqd.PNG', 'Active', 1),
(6, '354', 'DGS01', 'Doon Global School6', 1, '/home/hachiweb/public_html/reportcard/pages/forms/assets/school/6/logo/auth_reqd.PNG', 'Active', 0),
(7, '355', 'PKVDDN', 'Prakriti Valley', 2, '/home/hachiweb/public_html/reportcard/pages/forms/assets/school/7/logo/auth_reqd.PNG', 'Active', 0),
(8, 'abcdefg', '1', 'Madina School', 1, '/home/myschool/public_html/pages/forms/assets/school/8/logo/deals.JPG', 'Active', 0);

-- --------------------------------------------------------

--
-- Table structure for table `section`
--

CREATE TABLE `section` (
  `id` int(11) NOT NULL,
  `name` varchar(12) NOT NULL
) ENGINE=MyISAM DEFAULT CHARSET=latin1;

--
-- Dumping data for table `section`
--

INSERT INTO `section` (`id`, `name`) VALUES
(1, 'A'),
(2, 'B'),
(3, 'C'),
(4, 'D'),
(5, 'E'),
(6, 'F'),
(7, 'G'),
(8, 'H');

-- --------------------------------------------------------

--
-- Table structure for table `standard`
--

CREATE TABLE `standard` (
  `id` int(11) NOT NULL,
  `name` text NOT NULL,
  `branch_id` int(11) DEFAULT NULL
) ENGINE=MyISAM DEFAULT CHARSET=latin1;

--
-- Dumping data for table `standard`
--

INSERT INTO `standard` (`id`, `name`, `branch_id`) VALUES
(1, '1', NULL),
(2, '2', NULL),
(3, '3', NULL),
(4, '4', NULL),
(5, '5', NULL),
(6, '6', NULL),
(7, '7', NULL),
(8, '8', NULL),
(9, '9', NULL),
(10, '10', NULL),
(11, '11', NULL),
(12, '12', NULL),
(13, 'Nursery', NULL);

-- --------------------------------------------------------

--
-- Table structure for table `student`
--

CREATE TABLE `student` (
  `id` int(11) NOT NULL,
  `registration_id` varchar(25) NOT NULL,
  `branch_id` int(11) NOT NULL,
  `roll_no` int(11) DEFAULT NULL,
  `UIDAI` bigint(12) NOT NULL,
  `first_name` text NOT NULL,
  `last_name` text NOT NULL,
  `picture` text NOT NULL,
  `standard_id` int(11) DEFAULT NULL,
  `section_id` int(11) DEFAULT NULL,
  `dob` date NOT NULL,
  `blood_group` varchar(11) NOT NULL,
  `mother_name` text NOT NULL,
  `father_name` text NOT NULL,
  `guardian_name` text NOT NULL,
  `address` text NOT NULL,
  `contact_no` bigint(10) NOT NULL,
  `email` text,
  `enrolled_at` timestamp NOT NULL DEFAULT CURRENT_TIMESTAMP
) ENGINE=MyISAM DEFAULT CHARSET=latin1;

--
-- Dumping data for table `student`
--

INSERT INTO `student` (`id`, `registration_id`, `branch_id`, `roll_no`, `UIDAI`, `first_name`, `last_name`, `picture`, `standard_id`, `section_id`, `dob`, `blood_group`, `mother_name`, `father_name`, `guardian_name`, `address`, `contact_no`, `email`, `enrolled_at`) VALUES
(1, '23432', 1, 24, 0, 'Jim ', 'Carrey', 'https://encrypted-tbn0.gstatic.com/images?q=tbn:ANd9GcTGQqaKl70HkLuvILqnVMxlrufEMbmudQggPzQMBUYAInzxAofRIw', 1, 1, '2019-01-01', 'B+', 'Julia ', 'Richweild', 'None', 'Test Addr ', 0, 'teststu@yopmail.com', '2019-04-08 17:05:40'),
(2, '23432', 1, 25, 0, 'Tyler', 'Durdon', 'https://encrypted-tbn0.gstatic.com/images?q=tbn:ANd9GcTGQqaKl70HkLuvILqnVMxlrufEMbmudQggPzQMBUYAInzxAofRIw', 1, 1, '2019-01-01', 'B+', 'Julia ', 'Richweild', 'None', 'Test Addr 2', 0, 'teststu2@yopmail.com', '2019-04-08 17:11:19'),
(3, 'xyz', 0, 0, 0, 'Mirza Omer', 'Baig', 'https://cdn3.iconfinder.com/data/icons/education-2-2/256/Student_Reading-512.png', 5, 1, '2019-01-01', 'B+', 'Ishrath', 'Naseer Baig', '', '', 0, '', '2019-04-14 05:04:53'),
(4, 'q12398', 0, 12, 0, 'Khadija', 'Mirza', 'https://cdn3.iconfinder.com/data/icons/education-2-2/256/Student_Reading-512.png', 5, 1, '2019-01-01', '', '', '', '', '', 0, '', '2019-04-18 05:11:10'),
(5, 'test reg 01', 6, 123, 0, 'Test stud 1', 'stud', 'https://cdn3.iconfinder.com/data/icons/education-2-2/256/Student_Reading-512.png', 1, 1, '2019-01-01', '', '', '', '', '', 0, '', '2019-04-23 16:37:33'),
(9, '11401667', 1, 0, 456278953687, 'Alpha ', 'Tester01', 'https://www.myschoolreportcards.com/pages/forms/assets/student/10/picture/Photo from Prateek Asthana - Copy.jpg', 1, 1, '2019-01-01', 'A', 'Beta Tester', 'Super Tester', 'Super Tester', '266R Model Town', 0, 'infohachiweb2@gmail.com', '2019-04-24 22:20:20'),
(10, '11401668', 1, 0, 4698756879, 'Alpha ', 'Tester02', 'https://www.myschoolreportcards.com/pages/forms/assets/student/10/picture/Photo from Prateek Asthana - Copy.jpg', 1, 1, '1995-03-29', 'O+', 'Beta Tester', 'Super Tester', 'Super Tester', '266R Model Town', 0, 'dev.prateek.asthana3@gmail.com', '2019-04-24 22:34:48'),
(11, '16/02/12/00918', 6, NULL, 569874569874, 'Hitesh', 'Kumar', 'https://www.myschoolreportcards.com/pages/forms/assets/student/11/picture/download.jpeg', NULL, NULL, '2019-01-01', 'O+', 'Purneema devi', 'Anmol Kumar', 'Anmol Kumar', 'Bhirkhi Ward No-25 Madhepura Bihar', 0, 'hitesh.kumar@hachiweb.com', '2019-04-28 06:19:22'),
(12, '16/02/12/00918', 6, NULL, 456987456987, 'Hitesh', 'Kumar', 'https://www.myschoolreportcards.com/pages/forms/assets/student/12/picture/download.jpeg', NULL, NULL, '2019-01-01', 'O+', 'Purneema devi', 'Anmol Kumar', 'Anmol Kumar', 'Bhirkhi Ward No-25 Madhepura Bihar', 9878546987, 'hitesh.kumar@hachiweb.com', '2019-04-28 06:26:01'),
(13, '16/02/12/00918', 6, NULL, 234324, 'Hitesh', '3243', 'https://www.myschoolreportcards.com/pages/forms/assets/student/13/picture/download.jpeg', NULL, NULL, '2019-01-01', '243', '3243', '23432', '32432', '3243', 234324, '32432@43w4.fdg', '2019-04-28 07:20:00'),
(14, '16/02/12/00918', 6, NULL, 234324, 'Hitesh', '3243', 'https://www.myschoolreportcards.com/pages/forms/assets/student/14/picture/download.jpeg', NULL, NULL, '2015-01-01', '243', '3243', '23432', '32432', '3243', 234324, '32432@43w4.fdg', '2019-04-28 07:40:16'),
(15, '16/02/12/00918', 6, NULL, 12, 'Hitesh', 'Kumar', 'https://www.myschoolreportcards.com/pages/forms/assets/student/15/picture/Screenshot from 2019-04-29 13-08-36.png', NULL, NULL, '1993-10-12', 'O+', 'Purneema devi', 'Anmol Kumar', 'Anmol Kumar', 'Bhirkhi Ward No-25 Madhepura Bihar', 8809670572, 'hitesh.kumar@hachiweb.com', '2019-04-30 12:05:10'),
(16, '16/02/12/00918', 6, NULL, 13, 'Hitesh', 'Kumar', 'https://www.myschoolreportcards.com/pages/forms/assets/student/16/picture/Screenshot from 2019-04-29 13-08-36.png', NULL, NULL, '1993-10-12', 'O+', 'Purneema devi', 'Anmol Kumar', 'Anmol Kumar', 'Bhirkhi Ward No-25 Madhepura Bihar', 8809670572, 'hitesh.kumar@hachiweb.com', '2019-04-30 12:06:41'),
(17, '16/02/12/00918', 6, NULL, 17, 'Hitesh', 'Kumar', 'https://www.myschoolreportcards.com/pages/forms/assets/student/17/picture/Screenshot from 2019-04-28 18-05-52.png', NULL, NULL, '1993-10-12', 'O+', 'Purneema devi', 'Anmol Kumar', 'Anmol Kumar', 'Bhirkhi Ward No-25 Madhepura Bihar', 8809670572, 'hitesh.kumar@hachiweb.com', '2019-04-30 12:07:52'),
(18, '16/02/12/00918', 6, NULL, 17, 'Hitesh', 'Kumar', 'https://www.myschoolreportcards.com/pages/forms/assets/student/18/picture/Screenshot from 2019-04-28 18-04-30.png', NULL, NULL, '1993-10-12', 'O+', 'Purneema devi', 'Anmol Kumar', 'Anmol Kumar', 'Bhirkhi Ward No-25 Madhepura Bihar', 8809670572, 'hitesh.kumar@hachiweb.com', '2019-04-30 12:17:36'),
(19, '16/02/12/00918', 6, NULL, 9, 'Hitesh', 'Kumar', 'https://www.myschoolreportcards.com/pages/forms/assets/student/19/picture/Screenshot from 2019-04-28 18-04-30.png', NULL, NULL, '1993-10-12', 'O+', 'Purneema devi', 'Anmol Kumar', 'Anmol Kumar', 'Bhirkhi Ward No-25 Madhepura Bihar', 8809670572, 'hitesh.kumar@hachiweb.com', '2019-04-30 12:19:06'),
(20, '16/02/12/00918', 6, NULL, 33, 'Hitesh', 'Kumar', 'https://www.myschoolreportcards.com/pages/forms/assets/student/20/picture/Screenshot from 2019-04-28 18-04-30.png', NULL, NULL, '1993-10-12', 'O+', 'Purneema devi', 'Anmol Kumar', 'Anmol Kumar', 'Bhirkhi Ward No-25 Madhepura Bihar', 8809670572, 'hitesh.kumar@hachiweb.com', '2019-04-30 12:20:08');

-- --------------------------------------------------------

--
-- Table structure for table `subcategory`
--

CREATE TABLE `subcategory` (
  `id` int(11) NOT NULL,
  `name` text NOT NULL,
  `branch_id` int(11) DEFAULT NULL
) ENGINE=MyISAM DEFAULT CHARSET=latin1;

--
-- Dumping data for table `subcategory`
--

INSERT INTO `subcategory` (`id`, `name`, `branch_id`) VALUES
(15, '', NULL);

-- --------------------------------------------------------

--
-- Table structure for table `subject`
--

CREATE TABLE `subject` (
  `id` int(11) NOT NULL,
  `code` varchar(25) NOT NULL,
  `name` text NOT NULL,
  `description` text,
  `standard_id` int(11) NOT NULL,
  `branch_id` int(11) NOT NULL,
  `created_at` datetime NOT NULL DEFAULT CURRENT_TIMESTAMP,
  `sub_category` text NOT NULL,
  `is_scholastic` tinyint(1) NOT NULL
) ENGINE=MyISAM DEFAULT CHARSET=latin1;

--
-- Dumping data for table `subject`
--

INSERT INTO `subject` (`id`, `code`, `name`, `description`, `standard_id`, `branch_id`, `created_at`, `sub_category`, `is_scholastic`) VALUES
(6, 'PHY106', 'PHYSICS', '', 10, 1, '2019-04-25 04:43:40', '', 0),
(5, 'PHY106', 'PHYSICS', '', 9, 0, '2019-04-25 04:43:40', '', 0),
(7, 'PHY106', 'PHYSICS', '', 11, 0, '2019-04-25 04:43:40', '', 0),
(8, 'ENG202', 'LITERATURE', '', 1, 1, '2019-04-25 04:43:40', '', 0),
(9, 'ENG202', 'LITERATURE', '', 6, 0, '2019-04-25 04:43:40', '', 0),
(10, 'Sci', 'Science', '', 1, 1, '2019-04-25 04:43:40', '', 0),
(11, 'Sci', 'Science', '', 2, 0, '2019-04-25 04:43:40', '', 0),
(12, 'Sci', 'Science', '', 3, 0, '2019-04-25 04:43:40', '', 0),
(13, 'Sci', 'Science', '', 4, 0, '2019-04-25 04:43:40', '', 0),
(14, 'Sci', 'Science', '', 5, 0, '2019-04-25 04:43:40', '', 0),
(15, 'Sci', 'Science', '', 6, 0, '2019-04-25 04:43:40', '', 0),
(16, 'Sci', 'Science', '', 7, 0, '2019-04-25 04:43:40', '', 0),
(17, 'Sci', 'Science', '', 8, 0, '2019-04-25 04:43:40', '', 0),
(18, 'Sci', 'Science', '', 9, 0, '2019-04-25 04:43:40', '', 0),
(19, 'Sci', 'Science', '', 10, 0, '2019-04-25 04:43:40', '', 0),
(20, 'Sci', 'Science', '', 11, 0, '2019-04-25 04:43:40', '', 0),
(21, 'Sci', 'Science', '', 12, 0, '2019-04-25 04:43:40', '', 0),
(22, 'urd', 'urdu', '', 1, 1, '2019-04-25 04:43:40', '', 0),
(23, 'urd', 'urdu', '', 2, 0, '2019-04-25 04:43:40', '', 0),
(24, 'urd', 'urdu', '', 3, 0, '2019-04-25 04:43:40', '', 0),
(25, 'urd', 'urdu', '', 4, 0, '2019-04-25 04:43:40', '', 0),
(26, 'urd', 'urdu', '', 5, 0, '2019-04-25 04:43:40', '', 0),
(27, 'urd', 'urdu', '', 6, 0, '2019-04-25 04:43:40', '', 0),
(28, 'urd', 'urdu', '', 7, 0, '2019-04-25 04:43:40', '', 0),
(29, 'urd', 'urdu', '', 8, 0, '2019-04-25 04:43:40', '', 0),
(30, 'urd', 'urdu', '', 9, 0, '2019-04-25 04:43:40', '', 0),
(31, 'urd', 'urdu', '', 10, 0, '2019-04-25 04:43:40', '', 0),
(32, 'urd', 'urdu', '', 11, 0, '2019-04-25 04:43:40', '', 0),
(33, 'urd', 'urdu', '', 12, 0, '2019-04-25 04:43:40', '', 0),
(34, 'urd', 'urdu', '', 13, 0, '2019-04-25 04:43:40', '', 0),
(35, 'EN', 'English', '', 1, 1, '2019-04-25 04:43:40', '', 0),
(36, 'EN', 'English', '', 2, 0, '2019-04-25 04:43:40', '', 0),
(37, 'EN', 'English', '', 3, 0, '2019-04-25 04:43:40', '', 0),
(38, 'EN', 'English', '', 4, 0, '2019-04-25 04:43:40', '', 0),
(39, 'EN', 'English', '', 5, 0, '2019-04-25 04:43:40', '', 0),
(40, 'EN', 'English', '', 6, 0, '2019-04-25 04:43:40', '', 0),
(41, 'EN', 'English', '', 7, 0, '2019-04-25 04:43:40', '', 0),
(42, 'EN', 'English', '', 8, 0, '2019-04-25 04:43:40', '', 0),
(43, 'EN', 'English', '', 9, 0, '2019-04-25 04:43:40', '', 0),
(44, 'EN', 'English', '', 10, 0, '2019-04-25 04:43:40', '', 0),
(45, 'EN', 'English', '', 11, 0, '2019-04-25 04:43:40', '', 0),
(46, 'EN', 'English', '', 12, 0, '2019-04-25 04:43:40', '', 0),
(47, 'EN', 'English', '', 13, 0, '2019-04-25 04:43:40', '', 0),
(48, 'hn', 'Hindi', '', 1, 1, '2019-04-25 04:43:40', '', 0),
(49, 'hn', 'Hindi', '', 2, 0, '2019-04-25 04:43:40', '', 0),
(50, 'hn', 'Hindi', '', 3, 0, '2019-04-25 04:43:40', '', 0),
(51, 'hn', 'Hindi', '', 4, 0, '2019-04-25 04:43:40', '', 0),
(52, 'hn', 'Hindi', '', 5, 0, '2019-04-25 04:43:40', '', 0),
(53, 'hn', 'Hindi', '', 6, 0, '2019-04-25 04:43:40', '', 0),
(54, 'MTH107', 'Mathematics', '', 0, 0, '2019-05-12 11:40:57', 'Algebra', 1),
(55, 'PH02', 'Physics', '', 11, 1, '2019-05-13 17:14:31', 'Quantum', 1);

-- --------------------------------------------------------

--
-- Table structure for table `subject_teacher`
--

CREATE TABLE `subject_teacher` (
  `id` int(11) NOT NULL,
  `branch_id` int(11) NOT NULL,
  `teacher_id` int(11) NOT NULL,
  `standard_id` int(11) NOT NULL,
  `section_id` int(11) NOT NULL,
  `subject_id` int(11) NOT NULL,
  `created_at` timestamp NOT NULL DEFAULT CURRENT_TIMESTAMP
) ENGINE=MyISAM DEFAULT CHARSET=latin1;

--
-- Dumping data for table `subject_teacher`
--

INSERT INTO `subject_teacher` (`id`, `branch_id`, `teacher_id`, `standard_id`, `section_id`, `subject_id`, `created_at`) VALUES
(74, 1, 3, 1, 1, 48, '2019-04-25 00:22:03'),
(73, 1, 2, 1, 1, 35, '2019-04-25 00:22:03'),
(71, 1, 1, 1, 1, 35, '2019-04-25 00:20:41'),
(70, 1, 3, 1, 1, 10, '2019-04-25 00:20:41'),
(69, 1, 1, 1, 1, 22, '2019-04-25 00:20:41'),
(68, 1, 2, 1, 1, 8, '2019-04-25 00:20:41'),
(72, 1, 1, 1, 1, 8, '2019-04-25 00:22:03');

-- --------------------------------------------------------

--
-- Table structure for table `teacher`
--

CREATE TABLE `teacher` (
  `id` int(11) NOT NULL,
  `allotted_id` varchar(11) NOT NULL,
  `branch_id` int(11) DEFAULT NULL,
  `prefix` text NOT NULL,
  `first_name` text NOT NULL,
  `last_name` text NOT NULL,
  `email` varchar(30) NOT NULL,
  `contact` bigint(12) NOT NULL,
  `created_at` timestamp NOT NULL DEFAULT CURRENT_TIMESTAMP
) ENGINE=MyISAM DEFAULT CHARSET=latin1;

--
-- Dumping data for table `teacher`
--

INSERT INTO `teacher` (`id`, `allotted_id`, `branch_id`, `prefix`, `first_name`, `last_name`, `email`, `contact`, `created_at`) VALUES
(1, 'GRE102', 1, '', 'Prateek', 'Asthana', 'testteacher@yop.com', 84786532, '2019-04-24 23:08:47'),
(2, 'aaa', 1, '', 'Abdul ', 'Rauf', 'abdul@rauf.com', 2147483647, '2019-04-24 23:08:47'),
(3, 'TMP132', 1, '', 'Test', 'Teacher', 'testteacher@yopmail.com', 2147483647, '2019-04-24 23:08:47'),
(4, 'test tch', 6, '', 'Chandra', 'Shekhar', 'chandra@shekhar.com', 0, '2019-04-24 23:08:47'),
(5, 'hh132', 2, '', 'hitesh ', 'kumar', 'yashsingh1857@gmail.com', 8809670572, '2019-04-29 08:33:36'),
(6, 'hh122', 1, '', 'hitesh ', 'kumar', 'yashsingh1857@gmail.com', 8809670572, '2019-04-29 08:46:32');

-- --------------------------------------------------------

--
-- Table structure for table `test1`
--

CREATE TABLE `test1` (
  `branch_id` int(11) NOT NULL
) ENGINE=InnoDB DEFAULT CHARSET=latin1;

-- --------------------------------------------------------

--
-- Table structure for table `test2`
--

CREATE TABLE `test2` (
  `id` int(11) NOT NULL,
  `name` text NOT NULL,
  `branch_id` int(11) NOT NULL
) ENGINE=InnoDB DEFAULT CHARSET=latin1;

-- --------------------------------------------------------

--
-- Table structure for table `users`
--

CREATE TABLE `users` (
  `id` int(11) NOT NULL,
  `username` text NOT NULL,
  `alias` text NOT NULL,
  `password` text NOT NULL,
  `role` text,
  `is_active` int(11) NOT NULL DEFAULT '1',
  `branch_id` int(11) NOT NULL DEFAULT '0',
  `last_loggedin` datetime DEFAULT NULL,
  `created_at` datetime NOT NULL DEFAULT CURRENT_TIMESTAMP
) ENGINE=MyISAM DEFAULT CHARSET=latin1;

--
-- Dumping data for table `users`
--

INSERT INTO `users` (`id`, `username`, `alias`, `password`, `role`, `is_active`, `branch_id`, `last_loggedin`, `created_at`) VALUES
(1, 'su@myschoolreportcards.com', 'Prateek', '25f9e794323b453885f5181f1b624d0b', 'Super Admin', 1, 0, NULL, '2019-04-05 00:46:43'),
(2, 'dev.prateek.asthana@gmail.com', 'Test ', '9d839bcb3ec69179ee0b7196677139ea', 'Principal', 1, 0, NULL, '2019-04-07 10:36:00'),
(3, 'anil.kumar@hachiweb.com', 'Head Principal', '827ccb0eea8a706c4c34a16891f84e7b', 'Principal', 1, 1, NULL, '2019-04-07 11:25:50'),
(11, 'mirzaomerb@gmail.com', 'test', '140c2c11c66ff3093aad69fb77ce5b1b', 'Principal', 1, 1, NULL, '2019-04-18 12:39:04'),
(23, '123@456.com', 'prince ', 'b8c758d18d8c36989b638c3ea62169ec', 'Principal', 1, 6, NULL, '2019-04-27 11:36:22'),
(7, 'teststu@yopmail.com', 'Jim ', '25f9e794323b453885f5181f1b624d0b', 'Principal', 1, 1, NULL, '2019-04-08 22:35:40'),
(8, 'teststu2@yopmail.com', 'Tyler', '25f9e794323b453885f5181f1b624d0b', 'Principal', 1, 1, NULL, '2019-04-08 22:41:19'),
(12, 'omer@keyhubtech.com', 'Saumya ', 'e0406286c96d89d79627c9dd71656aeb', 'Principal', 1, 6, NULL, '2019-04-22 17:34:43'),
(14, 'mpsprincipal@yopmail.com', 'Test', '827ccb0eea8a706c4c34a16891f84e7b', 'Principal', 1, 6, NULL, '2019-04-22 21:31:44'),
(15, 'abc@efgh.com', 'Test', '827ccb0eea8a706c4c34a16891f84e7b', 'Principal', 1, 6, NULL, '2019-04-23 21:56:48'),
(22, 'mpstestprincipal02@yopmail.com', 'MPS Test', '827ccb0eea8a706c4c34a16891f84e7b', 'Principal', 1, 6, NULL, '2019-04-25 15:36:05'),
(21, '11401668', 'Alpha ', 'f7bd84471ece438b7d683051611ad4d0', 'student', 1, 1, NULL, '2019-04-25 04:04:48'),
(20, '11401667', 'Alpha ', '1e2241365d0219dfbaddc651fa4e922a', 'student', 1, 1, NULL, '2019-04-25 03:50:20'),
(43, '16/02/12/00918', 'Hitesh', '5956c01d011d8dc1b489ec4a5fa1f29f', 'student', 1, 6, NULL, '2019-04-30 17:47:36'),
(33, '16/02/12/00918', 'Hitesh', 'b03e9a82712ba3ec27fd9e36e9d4cf90', 'student', 1, 6, NULL, '2019-04-28 12:50:00'),
(34, '16/02/12/00918', 'Hitesh', '6a55d9b4d3e36fdf71fc9fea61b822b0', 'student', 1, 6, NULL, '2019-04-28 13:10:16'),
(32, '16/02/12/00918', 'Hitesh', 'f7865a30753a6819e4a2f003ea739dc4', 'student', 1, 6, NULL, '2019-04-28 11:56:01'),
(42, '16/02/12/00918', 'Hitesh', 'b94e8fe27d2fd5af69eb08585de80728', 'student', 1, 6, NULL, '2019-04-30 17:37:52'),
(41, '16/02/12/00918', 'Hitesh', 'f64e590d0069844a53ac9b4f0a643660', 'student', 1, 6, NULL, '2019-04-30 17:36:41'),
(40, '16/02/12/00918', 'Hitesh', '1ca52d257d47524f6b601e7937cd077b', 'student', 1, 6, NULL, '2019-04-30 17:35:10'),
(39, 'hitesh.kumar@hachiweb.com', 'Hitesh', '6d3788a87f2ac15c0748a033d96cdf87', 'Admin', 1, 1, NULL, '2019-04-28 15:38:16'),
(44, '16/02/12/00918', 'Hitesh', '67ca6b1deff89bbc0b13aea5221c0063', 'student', 1, 6, NULL, '2019-04-30 17:49:06'),
(45, '16/02/12/00918', 'Hitesh', 'a25b97da49d85e36c7414a57f53e5815', 'student', 1, 6, NULL, '2019-04-30 17:50:08'),
(46, '16/02/12/00918', 'Hitesh', '8400edca66900dd6a8f143fb0bb43dcc', 'student', 1, 6, NULL, '2019-04-30 17:54:22'),
(48, 'Annu.Stark', 'Head Principal', '827ccb0eea8a706c4c34a16891f84e7b', 'Principal', 1, 3, NULL, '2019-05-12 14:42:30'),
(49, 'anil.kumar@hachiweb.com', 'Vipin', '0ccbc697d110b5c3699789c79473ef3e', 'Admin', 1, 6, NULL, '2019-05-13 15:38:01'),
(50, 'vipin@gmail.com', 'Vipin', '747dea305c37f3e1db8c89ecc850af8a', 'Admin', 1, 6, NULL, '2019-05-13 15:38:34'),
(51, 'vipin@gmail.com', 'Vipin', '9f97a8c4a4d5a33a2fc8c459ddc28ced', 'Principal', 1, 1, NULL, '2019-05-13 15:43:30'),
(52, 'anil.kumar@hachiweb.com', 'Anil', 'dc50abc000964cfeccbb20c513bb4db3', 'Principal', 1, 1, NULL, '2019-05-13 15:45:12'),
(53, 'anil.kumar1@hachiweb.com', 'Vipin', '8ef595bd9cf86fd94d10a3decf604dd2', 'Principal', 1, 1, NULL, '2019-05-13 17:51:54'),
(54, 'anil.kumar5@hachiweb.com', 'Vipin', '4a944345d75b5566ce853aacc02e84ff', 'Principal', 1, 1, NULL, '2019-05-13 17:55:51'),
(55, 'anil.kumar7@hachiweb.com', 'Vipin', 'cc33630b37d988701a528cef81dcfa7e', 'Principal', 1, 1, NULL, '2019-05-13 17:57:16');

--
-- Indexes for dumped tables
--

--
-- Indexes for table `admin`
--
ALTER TABLE `admin`
  ADD PRIMARY KEY (`id`);

--
-- Indexes for table `affiliation`
--
ALTER TABLE `affiliation`
  ADD PRIMARY KEY (`id`);

--
-- Indexes for table `branch`
--
ALTER TABLE `branch`
  ADD PRIMARY KEY (`id`),
  ADD KEY `school_id` (`school_id`);

--
-- Indexes for table `category`
--
ALTER TABLE `category`
  ADD PRIMARY KEY (`id`),
  ADD KEY `branch_id` (`branch_id`);

--
-- Indexes for table `cities`
--
ALTER TABLE `cities`
  ADD PRIMARY KEY (`city_id`);

--
-- Indexes for table `class-teacher`
--
ALTER TABLE `class-teacher`
  ADD PRIMARY KEY (`id`);

--
-- Indexes for table `evaluator`
--
ALTER TABLE `evaluator`
  ADD PRIMARY KEY (`id`);

--
-- Indexes for table `exam`
--
ALTER TABLE `exam`
  ADD PRIMARY KEY (`id`),
  ADD KEY `subject_id` (`subject_id`);

--
-- Indexes for table `exam_meta`
--
ALTER TABLE `exam_meta`
  ADD PRIMARY KEY (`id`);

--
-- Indexes for table `marks`
--
ALTER TABLE `marks`
  ADD PRIMARY KEY (`id`),
  ADD KEY `student_id` (`student_id`),
  ADD KEY `evaluator_id` (`evaluator_id`);

--
-- Indexes for table `principal`
--
ALTER TABLE `principal`
  ADD PRIMARY KEY (`id`),
  ADD KEY `branch_id` (`branch_id`);

--
-- Indexes for table `region`
--
ALTER TABLE `region`
  ADD PRIMARY KEY (`city_id`);

--
-- Indexes for table `report`
--
ALTER TABLE `report`
  ADD PRIMARY KEY (`id`),
  ADD KEY `student_id` (`student_id`);

--
-- Indexes for table `school`
--
ALTER TABLE `school`
  ADD PRIMARY KEY (`id`),
  ADD KEY `affiliation_id` (`affiliation_id`);

--
-- Indexes for table `section`
--
ALTER TABLE `section`
  ADD PRIMARY KEY (`id`);

--
-- Indexes for table `standard`
--
ALTER TABLE `standard`
  ADD PRIMARY KEY (`id`),
  ADD KEY `branch_id` (`branch_id`);

--
-- Indexes for table `student`
--
ALTER TABLE `student`
  ADD PRIMARY KEY (`id`),
  ADD KEY `standard_id` (`standard_id`),
  ADD KEY `section_id` (`section_id`);

--
-- Indexes for table `subcategory`
--
ALTER TABLE `subcategory`
  ADD PRIMARY KEY (`id`),
  ADD KEY `branch_id` (`branch_id`);

--
-- Indexes for table `subject`
--
ALTER TABLE `subject`
  ADD PRIMARY KEY (`id`);

--
-- Indexes for table `subject_teacher`
--
ALTER TABLE `subject_teacher`
  ADD PRIMARY KEY (`id`),
  ADD KEY `master_id` (`teacher_id`),
  ADD KEY `subject_id` (`subject_id`),
  ADD KEY `standard_id` (`standard_id`),
  ADD KEY `section_id` (`section_id`);

--
-- Indexes for table `teacher`
--
ALTER TABLE `teacher`
  ADD PRIMARY KEY (`id`);

--
-- Indexes for table `users`
--
ALTER TABLE `users`
  ADD PRIMARY KEY (`id`);

--
-- AUTO_INCREMENT for dumped tables
--

--
-- AUTO_INCREMENT for table `admin`
--
ALTER TABLE `admin`
  MODIFY `id` int(11) NOT NULL AUTO_INCREMENT, AUTO_INCREMENT=7;
--
-- AUTO_INCREMENT for table `affiliation`
--
ALTER TABLE `affiliation`
  MODIFY `id` int(11) NOT NULL AUTO_INCREMENT, AUTO_INCREMENT=11;
--
-- AUTO_INCREMENT for table `branch`
--
ALTER TABLE `branch`
  MODIFY `id` int(11) NOT NULL AUTO_INCREMENT, AUTO_INCREMENT=7;
--
-- AUTO_INCREMENT for table `category`
--
ALTER TABLE `category`
  MODIFY `id` int(11) NOT NULL AUTO_INCREMENT, AUTO_INCREMENT=16;
--
-- AUTO_INCREMENT for table `cities`
--
ALTER TABLE `cities`
  MODIFY `city_id` int(11) NOT NULL AUTO_INCREMENT, AUTO_INCREMENT=1624;
--
-- AUTO_INCREMENT for table `class-teacher`
--
ALTER TABLE `class-teacher`
  MODIFY `id` int(11) NOT NULL AUTO_INCREMENT, AUTO_INCREMENT=6;
--
-- AUTO_INCREMENT for table `evaluator`
--
ALTER TABLE `evaluator`
  MODIFY `id` int(11) NOT NULL AUTO_INCREMENT, AUTO_INCREMENT=16;
--
-- AUTO_INCREMENT for table `exam`
--
ALTER TABLE `exam`
  MODIFY `id` int(11) NOT NULL AUTO_INCREMENT;
--
-- AUTO_INCREMENT for table `exam_meta`
--
ALTER TABLE `exam_meta`
  MODIFY `id` int(11) NOT NULL AUTO_INCREMENT, AUTO_INCREMENT=2;
--
-- AUTO_INCREMENT for table `marks`
--
ALTER TABLE `marks`
  MODIFY `id` int(11) NOT NULL AUTO_INCREMENT;
--
-- AUTO_INCREMENT for table `principal`
--
ALTER TABLE `principal`
  MODIFY `id` int(11) NOT NULL AUTO_INCREMENT, AUTO_INCREMENT=16;
--
-- AUTO_INCREMENT for table `report`
--
ALTER TABLE `report`
  MODIFY `id` int(11) NOT NULL AUTO_INCREMENT;
--
-- AUTO_INCREMENT for table `school`
--
ALTER TABLE `school`
  MODIFY `id` int(11) NOT NULL AUTO_INCREMENT, AUTO_INCREMENT=9;
--
-- AUTO_INCREMENT for table `section`
--
ALTER TABLE `section`
  MODIFY `id` int(11) NOT NULL AUTO_INCREMENT, AUTO_INCREMENT=9;
--
-- AUTO_INCREMENT for table `standard`
--
ALTER TABLE `standard`
  MODIFY `id` int(11) NOT NULL AUTO_INCREMENT, AUTO_INCREMENT=21;
--
-- AUTO_INCREMENT for table `student`
--
ALTER TABLE `student`
  MODIFY `id` int(11) NOT NULL AUTO_INCREMENT, AUTO_INCREMENT=22;
--
-- AUTO_INCREMENT for table `subcategory`
--
ALTER TABLE `subcategory`
  MODIFY `id` int(11) NOT NULL AUTO_INCREMENT, AUTO_INCREMENT=16;
--
-- AUTO_INCREMENT for table `subject`
--
ALTER TABLE `subject`
  MODIFY `id` int(11) NOT NULL AUTO_INCREMENT, AUTO_INCREMENT=56;
--
-- AUTO_INCREMENT for table `subject_teacher`
--
ALTER TABLE `subject_teacher`
  MODIFY `id` int(11) NOT NULL AUTO_INCREMENT, AUTO_INCREMENT=75;
--
-- AUTO_INCREMENT for table `teacher`
--
ALTER TABLE `teacher`
  MODIFY `id` int(11) NOT NULL AUTO_INCREMENT, AUTO_INCREMENT=8;
--
-- AUTO_INCREMENT for table `users`
--
ALTER TABLE `users`
  MODIFY `id` int(11) NOT NULL AUTO_INCREMENT, AUTO_INCREMENT=56;
/*!40101 SET CHARACTER_SET_CLIENT=@OLD_CHARACTER_SET_CLIENT */;
/*!40101 SET CHARACTER_SET_RESULTS=@OLD_CHARACTER_SET_RESULTS */;
/*!40101 SET COLLATION_CONNECTION=@OLD_COLLATION_CONNECTION */;
